age,duree_mois,type_contrat,statut_logement,incident_paiement_bam,montant_demande_mad,nouvelle_echeance_mad,revenu_mensuel_mad,taux_endettement,risque_non_approbation
67,6,FONCTIONNAIRE,PROPRIETAIRE,1,21600.0,3668.56,8200.0,0.4474,0
22,48,CDI,PROPRIETAIRE,0,110100.0,2611.02,10400.0,0.2511,1
49,12,CDI,PROPRIETAIRE,1,38800.0,3348.3,13400.0,0.24989999999999998,0
45,42,CDI,LOGEMENT_DE_FONCTION,0,145800.0,3890.62,15600.0,0.2494,0
53,24,CDI,LOGEMENT_DE_FONCTION,1,90100.0,4013.62,11500.0,0.349,1
35,36,CDI,LOGEMENT_DE_FONCTION,0,167500.0,5133.71,20500.0,0.2504,0
53,24,FONCTIONNAIRE,PROPRIETAIRE,0,52400.0,2334.22,6700.0,0.34840000000000004,0
35,36,CDI,LOCATAIRE,0,128500.0,3938.4,15800.0,0.2493,0
61,12,CDI,PROPRIETAIRE,0,56600.0,4884.38,19500.0,0.2505,0
28,30,INFORMEL,PROPRIETAIRE,1,96800.0,3504.64,7800.0,0.4493,1
25,12,CDD,LOCATAIRE,0,24000.0,2071.11,5900.0,0.35100000000000003,1
24,48,CDD,LOCATAIRE,0,79700.0,1890.08,5400.0,0.35,1
22,12,CDI,PROPRIETAIRE,0,29000.0,2502.6,16700.0,0.1499,0
60,24,FONCTIONNAIRE,PROPRIETAIRE,1,22200.0,988.93,4000.0,0.24719999999999998,1
28,15,CDI,LOCATAIRE,0,26000.0,1809.39,7200.0,0.25129999999999997,0
32,24,CDI,PROPRIETAIRE,0,23700.0,1055.75,4000.0,0.2639,1
53,24,FONCTIONNAIRE,PROPRIETAIRE,1,44800.0,1995.67,4400.0,0.4536,0
25,30,CDD,PROPRIETAIRE,0,149300.0,5405.4,21600.0,0.2502,0
44,24,FONCTIONNAIRE,LOGEMENT_DE_FONCTION,0,232700.0,10365.91,23000.0,0.4507,1
31,24,FONCTIONNAIRE,PROPRIETAIRE,0,63500.0,2828.69,8100.0,0.3492,0
48,9,CDI,PROPRIETAIRE,1,39500.0,4508.61,10000.0,0.4509,0
44,6,CDI,LOCATAIRE,0,49000.0,8322.19,33300.0,0.24989999999999998,0
48,10,CDD,LOCATAIRE,1,41500.0,4274.64,28500.0,0.15,0
44,12,CDD,PROPRIETAIRE,1,33400.0,2882.3,8200.0,0.3515,0
26,10,CDI,PROPRIETAIRE,1,38300.0,3945.03,15800.0,0.24969999999999998,0
36,6,CDI,PROPRIETAIRE,0,25400.0,4313.95,28800.0,0.14980000000000002,0
39,6,FONCTIONNAIRE,PROPRIETAIRE,0,7900.0,1341.74,4000.0,0.3354,0
42,12,CDI,LOCATAIRE,0,7600.0,655.85,4000.0,0.16399999999999998,0
34,7,CDI,PROPRIETAIRE,0,44700.0,6524.82,18600.0,0.3508,0
63,60,FONCTIONNAIRE,PROPRIETAIRE,1,126500.0,2475.12,7100.0,0.3486,1
36,18,CDD,PROPRIETAIRE,0,35400.0,2069.42,5900.0,0.3507,0
27,24,CDI,PROPRIETAIRE,0,74400.0,3314.24,13300.0,0.2492,0
30,18,CDI,PROPRIETAIRE,0,108500.0,6342.7,25400.0,0.24969999999999998,0
57,12,FONCTIONNAIRE,LOCATAIRE,1,23400.0,2019.34,4500.0,0.4487,0
33,12,CDD,PROPRIETAIRE,0,27300.0,2355.89,5200.0,0.4531,0
25,45,CDD,PROPRIETAIRE,1,87800.0,2203.81,4900.0,0.4498,1
31,48,CDI,LOGEMENT_DE_FONCTION,1,113000.0,2679.79,17900.0,0.1497,0
37,18,CDI,PROPRIETAIRE,0,38800.0,2268.17,5000.0,0.4536,1
37,10,CDI,PROPRIETAIRE,0,22700.0,2338.18,9400.0,0.2487,0
24,9,CDI,PROPRIETAIRE,0,8500.0,970.21,4000.0,0.2426,0
30,30,FONCTIONNAIRE,PROPRIETAIRE,0,43200.0,1564.06,4000.0,0.391,0
26,12,CDI,PROPRIETAIRE,0,21400.0,1846.74,5300.0,0.34840000000000004,0
44,18,CDI,PROPRIETAIRE,1,114800.0,6710.99,26800.0,0.2504,0
24,30,CDI,LOCATAIRE,1,114500.0,4145.47,27600.0,0.1502,0
58,48,FONCTIONNAIRE,LOGEMENT_DE_FONCTION,1,113600.0,2694.02,6000.0,0.449,1
35,11,CDD,PROPRIETAIRE,1,25800.0,2422.37,5400.0,0.4486,0
39,36,FONCTIONNAIRE,PROPRIETAIRE,0,42500.0,1302.58,4000.0,0.3256,0
23,6,INFORMEL,LOCATAIRE,0,25000.0,4246.02,28300.0,0.15,0
39,11,CDI,PROPRIETAIRE,1,133700.0,12553.12,83700.0,0.15,0
28,12,CDI,PROPRIETAIRE,0,38400.0,3313.78,7400.0,0.44780000000000003,0
29,24,CDD,PROPRIETAIRE,1,43200.0,1924.4,4300.0,0.4475,0
30,27,FONCTIONNAIRE,PROPRIETAIRE,1,110400.0,4406.22,29400.0,0.1499,0
25,12,CDI,PROPRIETAIRE,0,23300.0,2010.71,5700.0,0.3528,0
31,18,CDI,PROPRIETAIRE,0,62500.0,3653.63,14600.0,0.2502,0
57,36,FONCTIONNAIRE,LOGEMENT_DE_FONCTION,1,41200.0,1262.74,4000.0,0.3157,1
26,6,CDI,PROPRIETAIRE,0,14500.0,2462.69,16400.0,0.1502,0
52,12,INFORMEL,PROPRIETAIRE,0,119700.0,10329.68,41300.0,0.2501,1
31,36,CDI,PROPRIETAIRE,1,177000.0,5424.87,21700.0,0.25,0
23,18,FONCTIONNAIRE,PROPRIETAIRE,0,36300.0,2122.03,6100.0,0.3479,0
23,36,CDD,LOCATAIRE,1,115200.0,3530.77,7800.0,0.45270000000000005,1
27,9,CDI,PROPRIETAIRE,0,25700.0,2933.45,11700.0,0.2507,0
50,15,FONCTIONNAIRE,PROPRIETAIRE,1,28400.0,1976.41,4400.0,0.44920000000000004,0
61,36,FONCTIONNAIRE,LOGEMENT_DE_FONCTION,0,36100.0,1106.43,4000.0,0.2766,1
25,48,CDI,PROPRIETAIRE,0,266800.0,6327.15,25300.0,0.2501,1
26,24,CDD,PROPRIETAIRE,0,58800.0,2619.32,5800.0,0.45159999999999995,0
48,27,FONCTIONNAIRE,PROPRIETAIRE,0,96000.0,3831.49,8500.0,0.4508,0
29,12,CDD,PROPRIETAIRE,0,40200.0,3469.12,13900.0,0.24960000000000002,0
22,12,CDI,PROPRIETAIRE,0,18600.0,1605.11,4000.0,0.40130000000000005,0
37,36,CDI,LOGEMENT_DE_FONCTION,0,33700.0,1032.87,4000.0,0.2582,1
25,36,CDI,PROPRIETAIRE,0,44300.0,1357.75,4000.0,0.3394,0
30,36,CDI,PROPRIETAIRE,0,150500.0,4612.67,30800.0,0.14980000000000002,0
46,7,FONCTIONNAIRE,LOCATAIRE,1,13500.0,1970.58,4400.0,0.44789999999999996,0
51,8,FONCTIONNAIRE,LOGEMENT_DE_FONCTION,1,21500.0,2753.42,7900.0,0.34850000000000003,0
41,42,CDI,PROPRIETAIRE,1,110100.0,2937.98,11800.0,0.249,0
40,36,FONCTIONNAIRE,PROPRIETAIRE,0,36600.0,1121.75,4000.0,0.2804,1
66,12,FONCTIONNAIRE,LOGEMENT_DE_FONCTION,1,28200.0,2433.56,5400.0,0.4507,0
34,42,CDD,PROPRIETAIRE,0,73400.0,1958.65,4400.0,0.4451,1
51,11,CDI,PROPRIETAIRE,1,88300.0,8290.51,33200.0,0.24969999999999998,0
39,54,CDI,PROPRIETAIRE,0,174600.0,3737.92,15000.0,0.2492,0
22,30,CDD,PROPRIETAIRE,0,70900.0,2566.93,10300.0,0.2492,0
44,24,CDD,PROPRIETAIRE,0,109900.0,4895.63,32600.0,0.1502,1
47,15,FONCTIONNAIRE,PROPRIETAIRE,0,22400.0,1558.86,4000.0,0.3897,0
24,18,CDI,LOCATAIRE,0,29000.0,1695.28,4800.0,0.3532,0
58,24,FONCTIONNAIRE,PROPRIETAIRE,0,32500.0,1447.75,4000.0,0.3619,0
52,10,FONCTIONNAIRE,PROPRIETAIRE,0,42800.0,4408.54,12600.0,0.34990000000000004,0
29,12,CDI,PROPRIETAIRE,1,26100.0,2252.34,5000.0,0.45049999999999996,0
27,18,CDD,PROPRIETAIRE,1,24000.0,1402.99,4000.0,0.3507,0
47,36,CDI,LOGEMENT_DE_FONCTION,0,233300.0,7150.41,47700.0,0.1499,1
30,18,CDI,PROPRIETAIRE,0,41600.0,2431.86,5400.0,0.45030000000000003,0
28,12,CDI,PROPRIETAIRE,0,20500.0,1769.08,4000.0,0.44229999999999997,1
56,12,FONCTIONNAIRE,PROPRIETAIRE,1,11400.0,983.78,4000.0,0.2459,0
54,12,FONCTIONNAIRE,PROPRIETAIRE,1,26100.0,2252.34,5000.0,0.45049999999999996,0
33,12,FONCTIONNAIRE,PROPRIETAIRE,1,14700.0,1268.56,4000.0,0.3171,1
20,24,FONCTIONNAIRE,LOCATAIRE,1,66900.0,2980.14,6600.0,0.4515,0
54,12,FONCTIONNAIRE,PROPRIETAIRE,0,24400.0,2105.63,4700.0,0.44799999999999995,0
58,54,CDD,LOCATAIRE,0,295000.0,6315.49,18000.0,0.35090000000000005,1
61,12,CDI,PROPRIETAIRE,1,37200.0,3210.23,7100.0,0.4521,0
34,18,CDI,PROPRIETAIRE,0,48500.0,2835.22,6300.0,0.45,0
36,36,FONCTIONNAIRE,PROPRIETAIRE,1,43200.0,1324.04,4000.0,0.331,0
36,20,CDI,LOCATAIRE,1,130600.0,6907.75,19700.0,0.3506,0
41,24,FONCTIONNAIRE,LOCATAIRE,0,27200.0,1211.66,4000.0,0.3029,0
24,36,CDI,LOCATAIRE,0,43000.0,1317.91,4000.0,0.3295,0
24,6,CDI,PROPRIETAIRE,1,17200.0,2921.26,8300.0,0.35200000000000004,0
35,9,CDI,LOCATAIRE,1,35500.0,4052.04,9000.0,0.45020000000000004,0
26,12,CDD,LOCATAIRE,0,45200.0,3900.6,15600.0,0.25,0
39,24,CDI,PROPRIETAIRE,1,220900.0,9840.27,39400.0,0.2498,1
39,18,FONCTIONNAIRE,PROPRIETAIRE,0,119500.0,6985.74,27900.0,0.2504,1
32,12,CDI,PROPRIETAIRE,0,112400.0,9699.72,38800.0,0.25,0
30,24,CDD,PROPRIETAIRE,0,142800.0,6361.2,42400.0,0.15,0
35,14,FONCTIONNAIRE,PROPRIETAIRE,0,26100.0,1940.91,12900.0,0.1505,0
31,6,FONCTIONNAIRE,PROPRIETAIRE,1,26800.0,4551.73,30300.0,0.1502,0
23,15,CDD,LOCATAIRE,0,7300.0,508.02,4000.0,0.127,0
28,18,CDI,LOCATAIRE,0,115800.0,6769.45,19300.0,0.3507,0
25,36,CDI,PROPRIETAIRE,1,145300.0,4453.3,9900.0,0.4498,1
35,12,FONCTIONNAIRE,PROPRIETAIRE,0,31100.0,2683.82,7700.0,0.34850000000000003,0
47,48,FONCTIONNAIRE,PROPRIETAIRE,1,66200.0,1569.93,4000.0,0.3925,0
30,42,CDI,PROPRIETAIRE,0,132700.0,3541.05,7900.0,0.4482,1
27,10,CDD,LOCATAIRE,1,39400.0,4058.33,16200.0,0.2505,0
23,33,CDI,PROPRIETAIRE,1,79200.0,2627.36,17500.0,0.1501,1
36,12,CDI,PROPRIETAIRE,1,43800.0,3779.78,10800.0,0.35,0
25,21,CDI,PROPRIETAIRE,0,33900.0,1712.2,4900.0,0.3494,1
41,24,FONCTIONNAIRE,LOCATAIRE,1,71600.0,3189.51,7100.0,0.44920000000000004,0
24,12,CDI,LOCATAIRE,0,32700.0,2821.89,8100.0,0.34840000000000004,0
63,10,FONCTIONNAIRE,LOGEMENT_DE_FONCTION,1,14400.0,1483.25,4000.0,0.37079999999999996,0
27,18,CDD,LOCATAIRE,0,35600.0,2081.11,4600.0,0.4524,1
30,12,CDI,PROPRIETAIRE,1,39200.0,3382.82,7500.0,0.451,0
40,12,CDI,PROPRIETAIRE,0,13000.0,1121.85,4000.0,0.2805,0
30,12,CDI,PROPRIETAIRE,0,11800.0,1018.3,4000.0,0.2546,1
34,12,INFORMEL,PROPRIETAIRE,1,34400.0,2968.6,6600.0,0.4498,0
29,12,CDI,PROPRIETAIRE,1,64700.0,5583.38,16000.0,0.349,1
24,48,CDI,PROPRIETAIRE,0,157000.0,3723.25,24800.0,0.1501,0
29,36,CDI,PROPRIETAIRE,1,127400.0,3904.68,8700.0,0.44880000000000003,1
27,15,CDD,PROPRIETAIRE,0,50100.0,3486.56,13900.0,0.25079999999999997,0
47,18,CDI,LOGEMENT_DE_FONCTION,0,36700.0,2145.41,4800.0,0.447,0
21,60,CDI,PROPRIETAIRE,0,187700.0,3672.57,14700.0,0.2498,0
38,12,FONCTIONNAIRE,PROPRIETAIRE,1,22900.0,1976.19,4400.0,0.44909999999999994,0
27,27,CDI,PROPRIETAIRE,1,159300.0,6357.89,25400.0,0.2503,0
66,12,CDI,PROPRIETAIRE,0,14200.0,1225.41,4000.0,0.3064,1
35,15,CDI,PROPRIETAIRE,1,50500.0,3514.39,7800.0,0.4506,0
44,12,CDI,LOCATAIRE,0,34800.0,3003.12,12000.0,0.2503,0
27,6,CDD,PROPRIETAIRE,0,13100.0,2224.91,8900.0,0.25,0
30,36,CDD,PROPRIETAIRE,0,88700.0,2718.57,6000.0,0.4531,0
27,27,CDI,PROPRIETAIRE,0,63200.0,2522.4,7200.0,0.3503,0
22,18,CDI,PROPRIETAIRE,0,45500.0,2659.84,10600.0,0.2509,1
23,21,CDD,PROPRIETAIRE,1,42300.0,2136.46,4700.0,0.4546,0
30,48,CDI,PROPRIETAIRE,0,66000.0,1565.19,4000.0,0.39130000000000004,0
39,6,FONCTIONNAIRE,PROPRIETAIRE,1,15900.0,2700.47,18000.0,0.15,0
51,12,CDI,PROPRIETAIRE,1,12600.0,1087.33,4000.0,0.2718,0
28,36,CDI,PROPRIETAIRE,1,99400.0,3046.51,8700.0,0.3502,0
46,18,FONCTIONNAIRE,PROPRIETAIRE,1,29300.0,1712.82,4000.0,0.4282,0
42,6,FONCTIONNAIRE,LOGEMENT_DE_FONCTION,0,24900.0,4229.03,16900.0,0.2502,0
38,10,CDI,PROPRIETAIRE,0,35600.0,3666.92,24400.0,0.1503,0
24,36,CDI,PROPRIETAIRE,0,108200.0,3316.22,7400.0,0.4481,0
29,24,FONCTIONNAIRE,LOCATAIRE,1,143500.0,6392.39,25600.0,0.24969999999999998,0
36,24,CDI,LOCATAIRE,1,128900.0,5742.01,12800.0,0.4486,0
20,12,CDI,LOCATAIRE,0,23700.0,2045.23,8200.0,0.2494,1
48,9,FONCTIONNAIRE,PROPRIETAIRE,1,23800.0,2716.58,7800.0,0.3483,0
45,12,FONCTIONNAIRE,PROPRIETAIRE,0,6300.0,543.67,4000.0,0.1359,0
38,24,CDI,PROPRIETAIRE,0,65000.0,2895.51,11600.0,0.24960000000000002,0
34,6,CDI,PROPRIETAIRE,1,35100.0,5961.41,39700.0,0.1502,0
36,24,FONCTIONNAIRE,PROPRIETAIRE,1,53100.0,2365.41,6800.0,0.3479,0
30,18,CDD,PROPRIETAIRE,1,19500.0,1139.93,4000.0,0.285,0
36,15,CDI,PROPRIETAIRE,0,23300.0,1621.49,4000.0,0.4054,0
70,10,INFORMEL,LOGEMENT_DE_FONCTION,0,135200.0,13926.05,55700.0,0.25,0
36,36,FONCTIONNAIRE,PROPRIETAIRE,0,16800.0,514.9,4000.0,0.12869999999999998,0
32,6,CDI,PROPRIETAIRE,0,55100.0,9358.22,62400.0,0.15,0
33,18,INFORMEL,PROPRIETAIRE,0,20900.0,1221.77,4000.0,0.3054,1
20,11,CDD,PROPRIETAIRE,0,29200.0,2741.59,6100.0,0.44939999999999997,0
25,24,CDI,LOCATAIRE,0,73500.0,3274.15,13100.0,0.24989999999999998,0
31,24,FONCTIONNAIRE,PROPRIETAIRE,1,35800.0,1594.76,4000.0,0.3987,1
33,15,FONCTIONNAIRE,LOCATAIRE,0,17600.0,1224.82,4000.0,0.3062,1
26,12,CDI,PROPRIETAIRE,0,14100.0,1216.78,4000.0,0.3042,0
34,24,INFORMEL,PROPRIETAIRE,1,38200.0,1701.67,4900.0,0.34729999999999994,1
33,8,CDI,PROPRIETAIRE,0,26200.0,3355.33,7500.0,0.4474,0
26,21,CDD,PROPRIETAIRE,1,63200.0,3192.07,12800.0,0.2494,1
53,30,INFORMEL,PROPRIETAIRE,0,138500.0,5014.39,11100.0,0.4517,1
42,12,CDI,PROPRIETAIRE,0,47700.0,4116.34,16500.0,0.2495,0
52,6,FONCTIONNAIRE,PROPRIETAIRE,1,6300.0,1070.0,4000.0,0.2675,0
31,12,CDI,LOCATAIRE,0,36300.0,3132.56,7000.0,0.4475,0
65,21,FONCTIONNAIRE,PROPRIETAIRE,1,10600.0,535.38,4000.0,0.1338,0
28,36,CDD,PROPRIETAIRE,1,177100.0,5427.94,36200.0,0.1499,1
30,36,CDI,PROPRIETAIRE,1,82400.0,2525.48,10100.0,0.25,1
40,21,CDI,PROPRIETAIRE,0,30500.0,1540.48,4000.0,0.3851,1
50,24,CDI,PROPRIETAIRE,1,69900.0,3113.78,6900.0,0.45130000000000003,0
36,18,FONCTIONNAIRE,PROPRIETAIRE,1,16400.0,958.71,4000.0,0.2397,1
31,15,CDI,PROPRIETAIRE,1,25200.0,1753.72,4000.0,0.4384,0
74,9,FONCTIONNAIRE,LOGEMENT_DE_FONCTION,0,94900.0,10832.08,43300.0,0.2502,1
68,16,INFORMEL,LOGEMENT_DE_FONCTION,1,21700.0,1419.54,5700.0,0.249,0
20,12,CDI,PROPRIETAIRE,0,12500.0,1078.71,4000.0,0.2697,1
33,18,CDI,PROPRIETAIRE,0,60000.0,3507.49,23400.0,0.1499,0
54,24,CDI,PROPRIETAIRE,0,84900.0,3781.98,15100.0,0.2505,1
34,48,CDI,LOGEMENT_DE_FONCTION,0,71100.0,1686.13,4000.0,0.4215,1
36,27,CDI,PROPRIETAIRE,0,72400.0,2889.59,6400.0,0.4515,1
29,6,CDI,LOCATAIRE,0,39000.0,6623.78,26500.0,0.25,0
21,45,CDI,LOCATAIRE,0,56100.0,1408.13,4000.0,0.35200000000000004,1
34,9,FONCTIONNAIRE,PROPRIETAIRE,1,27800.0,3173.15,12700.0,0.24989999999999998,1
28,6,CDI,PROPRIETAIRE,1,25600.0,4347.92,29000.0,0.1499,0
27,12,CDD,LOCATAIRE,0,17600.0,1518.82,4000.0,0.3797,1
36,24,FONCTIONNAIRE,LOGEMENT_DE_FONCTION,0,51100.0,2276.31,5100.0,0.44630000000000003,0
40,18,FONCTIONNAIRE,PROPRIETAIRE,1,79500.0,4647.42,10300.0,0.4512,1
52,9,FONCTIONNAIRE,PROPRIETAIRE,1,17300.0,1974.66,4400.0,0.44880000000000003,0
27,12,CDI,PROPRIETAIRE,0,21600.0,1864.0,4100.0,0.4546,0
26,27,CDI,PROPRIETAIRE,1,94700.0,3779.61,10800.0,0.35,0
21,12,CDI,LOCATAIRE,0,16700.0,1441.15,4000.0,0.3603,1
38,12,FONCTIONNAIRE,PROPRIETAIRE,1,27700.0,2390.41,5300.0,0.451,0
38,30,FONCTIONNAIRE,LOGEMENT_DE_FONCTION,1,196500.0,7114.28,20300.0,0.3505,0
43,12,FONCTIONNAIRE,PROPRIETAIRE,1,35800.0,3089.41,6900.0,0.44770000000000004,0
26,12,CDI,PROPRIETAIRE,1,26300.0,2269.6,5000.0,0.4539,0
21,24,CDI,PROPRIETAIRE,0,121500.0,5412.37,21600.0,0.2506,0
55,12,CDI,PROPRIETAIRE,0,26100.0,2252.34,6400.0,0.3519,0
33,9,CDI,PROPRIETAIRE,1,56900.0,6494.68,43300.0,0.15,0
45,36,FONCTIONNAIRE,PROPRIETAIRE,0,70900.0,2173.01,8700.0,0.2498,0
50,27,INFORMEL,PROPRIETAIRE,0,97900.0,3907.33,15600.0,0.2505,1
66,30,FONCTIONNAIRE,PROPRIETAIRE,1,35300.0,1278.04,4000.0,0.3195,1
51,36,FONCTIONNAIRE,PROPRIETAIRE,1,61800.0,1894.11,4200.0,0.451,0
39,6,CDI,PROPRIETAIRE,1,17200.0,2921.26,19500.0,0.14980000000000002,0
31,18,CDI,PROPRIETAIRE,0,57400.0,3355.5,9600.0,0.34950000000000003,0
23,36,CDI,PROPRIETAIRE,0,72400.0,2218.99,8900.0,0.2493,0
24,24,CDI,LOCATAIRE,0,55900.0,2490.14,10000.0,0.249,0
64,10,CDI,PROPRIETAIRE,0,25200.0,2595.68,10400.0,0.24960000000000002,0
26,12,CDD,PROPRIETAIRE,0,11600.0,1001.04,4000.0,0.2503,0
23,12,CDI,LOCATAIRE,0,22200.0,1915.78,4300.0,0.44549999999999995,0
30,12,CDI,PROPRIETAIRE,0,13100.0,1130.48,4000.0,0.2826,0
32,24,CDI,PROPRIETAIRE,1,55100.0,2454.5,5500.0,0.44630000000000003,0
30,15,CDI,PROPRIETAIRE,0,86200.0,5998.83,17100.0,0.3508,0
27,36,CDI,PROPRIETAIRE,0,48300.0,1480.35,4000.0,0.3701,0
27,48,CDI,PROPRIETAIRE,0,202800.0,4809.39,32100.0,0.14980000000000002,1
53,12,FONCTIONNAIRE,LOGEMENT_DE_FONCTION,0,145500.0,12556.13,27900.0,0.45,1
22,9,CDI,PROPRIETAIRE,0,27300.0,3116.08,6900.0,0.45159999999999995,1
22,24,CDD,LOGEMENT_DE_FONCTION,0,58300.0,2597.05,5800.0,0.44780000000000003,0
26,36,CDI,PROPRIETAIRE,0,77900.0,2387.56,5300.0,0.45049999999999996,1
51,9,FONCTIONNAIRE,LOGEMENT_DE_FONCTION,0,46400.0,5296.19,21200.0,0.2498,0
35,12,CDI,PROPRIETAIRE,0,39600.0,3417.34,9800.0,0.34869999999999995,0
25,18,CDI,PROPRIETAIRE,0,16000.0,935.33,4000.0,0.23379999999999998,0
42,4,CDI,PROPRIETAIRE,1,28600.0,7247.08,29000.0,0.24989999999999998,0
30,24,INFORMEL,PROPRIETAIRE,0,33700.0,1501.21,4000.0,0.3753,1
23,6,INFORMEL,PROPRIETAIRE,0,269300.0,45738.08,304900.0,0.15,1
61,21,FONCTIONNAIRE,LOCATAIRE,0,51200.0,2585.98,5700.0,0.4537,1
35,12,CDI,PROPRIETAIRE,1,23900.0,2062.48,4600.0,0.4484,0
39,30,FONCTIONNAIRE,PROPRIETAIRE,0,46700.0,1690.77,11300.0,0.1496,0
29,24,FONCTIONNAIRE,PROPRIETAIRE,0,16900.0,752.83,4000.0,0.1882,1
51,6,CDI,PROPRIETAIRE,0,29500.0,5010.3,14300.0,0.3504,0
24,48,FONCTIONNAIRE,LOGEMENT_DE_FONCTION,0,85200.0,2020.51,5800.0,0.34840000000000004,1
27,12,CDI,PROPRIETAIRE,1,21900.0,1889.89,5400.0,0.35,0
35,12,CDI,PROPRIETAIRE,0,63800.0,5505.71,12200.0,0.45130000000000003,0
25,24,CDI,PROPRIETAIRE,0,23300.0,1037.93,4000.0,0.2595,0
52,12,FONCTIONNAIRE,PROPRIETAIRE,1,13300.0,1147.74,4000.0,0.2869,0
35,6,CDI,LOCATAIRE,0,22300.0,3787.45,8400.0,0.4509,0
26,24,CDI,PROPRIETAIRE,0,35600.0,1585.85,6300.0,0.25170000000000003,0
22,18,INFORMEL,LOCATAIRE,0,8000.0,467.66,4000.0,0.11689999999999999,1
39,6,CDI,PROPRIETAIRE,1,12300.0,2089.04,6000.0,0.3482,0
46,12,CDI,PROPRIETAIRE,0,41600.0,3589.93,23900.0,0.1502,0
24,30,CDI,PROPRIETAIRE,0,39800.0,1440.96,4000.0,0.3602,1
35,24,CDI,PROPRIETAIRE,1,76800.0,3421.15,13700.0,0.24969999999999998,0
24,9,CDI,PROPRIETAIRE,0,37600.0,4291.74,17200.0,0.2495,0
27,60,CDI,PROPRIETAIRE,1,137200.0,2684.48,17900.0,0.15,0
35,24,CDI,PROPRIETAIRE,1,49700.0,2213.95,4900.0,0.4518,0
29,12,CDI,LOGEMENT_DE_FONCTION,0,39800.0,3434.6,7600.0,0.45189999999999997,1
23,15,CDD,PROPRIETAIRE,0,70500.0,4906.23,32700.0,0.15,0
57,11,INFORMEL,PROPRIETAIRE,1,21300.0,1999.86,4400.0,0.4545,0
27,12,CDI,PROPRIETAIRE,0,30700.0,2649.3,10600.0,0.24989999999999998,0
55,24,FONCTIONNAIRE,PROPRIETAIRE,0,29700.0,1323.02,4000.0,0.3308,0
36,18,FONCTIONNAIRE,LOGEMENT_DE_FONCTION,1,98100.0,5734.74,22900.0,0.2504,0
57,12,FONCTIONNAIRE,LOGEMENT_DE_FONCTION,1,50800.0,4383.86,17500.0,0.2505,0
32,10,FONCTIONNAIRE,PROPRIETAIRE,1,22800.0,2348.48,6700.0,0.3505,0
37,15,FONCTIONNAIRE,PROPRIETAIRE,0,14800.0,1029.96,4000.0,0.2575,1
36,36,FONCTIONNAIRE,PROPRIETAIRE,1,116600.0,3573.67,7900.0,0.4524,0
38,24,CDD,PROPRIETAIRE,0,28400.0,1265.11,4000.0,0.31629999999999997,0
45,14,FONCTIONNAIRE,PROPRIETAIRE,0,166100.0,12351.91,82300.0,0.1501,1
25,24,FONCTIONNAIRE,PROPRIETAIRE,0,18500.0,824.11,4000.0,0.20600000000000002,0
32,18,CDI,PROPRIETAIRE,0,49200.0,2876.14,6400.0,0.44939999999999997,0
37,12,CDI,LOCATAIRE,1,25900.0,2235.08,6400.0,0.3492,0
36,48,INFORMEL,LOGEMENT_DE_FONCTION,0,225100.0,5338.24,11900.0,0.4486,0
28,48,CDI,PROPRIETAIRE,0,56600.0,1342.27,4000.0,0.3356,1
34,30,CDD,PROPRIETAIRE,0,222000.0,8037.51,53600.0,0.15,1
32,9,CDI,PROPRIETAIRE,0,49900.0,5695.69,38000.0,0.1499,0
26,18,CDI,PROPRIETAIRE,1,44500.0,2601.39,10400.0,0.2501,0
49,12,FONCTIONNAIRE,PROPRIETAIRE,0,23300.0,2010.71,8000.0,0.25129999999999997,0
32,6,CDD,PROPRIETAIRE,0,85300.0,14487.4,96600.0,0.15,1
29,24,CDI,LOCATAIRE,0,35200.0,1568.03,4000.0,0.392,0
23,15,FONCTIONNAIRE,LOCATAIRE,1,62300.0,4335.58,12400.0,0.3496,0
50,12,CDI,PROPRIETAIRE,0,29100.0,2511.23,5600.0,0.4484,0
49,18,CDI,PROPRIETAIRE,0,26700.0,1560.83,4000.0,0.39020000000000005,0
63,15,FONCTIONNAIRE,PROPRIETAIRE,1,28100.0,1955.53,4300.0,0.4548,0
37,24,CDD,PROPRIETAIRE,1,71700.0,3193.97,7100.0,0.4499,0
35,47,CDD,PROPRIETAIRE,0,198400.0,4792.75,32000.0,0.14980000000000002,0
26,48,CDI,PROPRIETAIRE,0,88600.0,2101.14,4700.0,0.4471,0
31,48,INFORMEL,LOGEMENT_DE_FONCTION,1,140300.0,3327.21,13300.0,0.2502,0
49,12,CDI,PROPRIETAIRE,0,20200.0,1743.19,4000.0,0.43579999999999997,0
48,24,CDD,PROPRIETAIRE,1,18900.0,841.92,4000.0,0.21050000000000002,1
26,12,CDI,PROPRIETAIRE,0,19900.0,1717.3,6900.0,0.2489,0
28,36,CDD,LOCATAIRE,0,173900.0,5329.86,35500.0,0.1501,1
44,24,FONCTIONNAIRE,LOGEMENT_DE_FONCTION,1,118800.0,5292.09,21200.0,0.24960000000000002,0
56,42,FONCTIONNAIRE,LOGEMENT_DE_FONCTION,1,88700.0,2366.92,5300.0,0.44659999999999994,0
46,48,FONCTIONNAIRE,PROPRIETAIRE,1,141100.0,3346.18,7400.0,0.4522,0
26,48,CDD,PROPRIETAIRE,0,184300.0,4370.67,29100.0,0.1502,1
20,12,CDD,LOCATAIRE,0,86500.0,7464.64,49800.0,0.1499,0
45,10,FONCTIONNAIRE,PROPRIETAIRE,0,23800.0,2451.48,5400.0,0.45399999999999996,0
43,18,CDI,PROPRIETAIRE,0,46500.0,2718.3,7800.0,0.34850000000000003,0
32,21,CDI,PROPRIETAIRE,1,50800.0,2565.78,7300.0,0.3515,0
54,6,INFORMEL,PROPRIETAIRE,0,12400.0,2106.02,14000.0,0.15039999999999998,0
42,36,CDI,PROPRIETAIRE,0,70400.0,2157.69,4800.0,0.4495,1
37,24,CDI,PROPRIETAIRE,1,24900.0,1109.2,4000.0,0.2773,1
49,10,CDI,PROPRIETAIRE,1,19200.0,1977.66,4400.0,0.4495,0
44,48,CDI,LOGEMENT_DE_FONCTION,1,187300.0,4441.81,17800.0,0.2495,1
33,6,CDI,PROPRIETAIRE,0,28500.0,4840.46,10800.0,0.4482,0
24,30,CDI,LOCATAIRE,0,89000.0,3222.24,12900.0,0.2498,0
33,12,CDD,PROPRIETAIRE,0,13400.0,1156.37,4000.0,0.2891,1
24,8,CDI,PROPRIETAIRE,0,22900.0,2932.71,8400.0,0.34909999999999997,1
22,9,CDI,LOCATAIRE,0,5100.0,582.12,4000.0,0.14550000000000002,0
40,48,INFORMEL,LOGEMENT_DE_FONCTION,0,99500.0,2359.64,6700.0,0.3522,0
25,24,CDI,PROPRIETAIRE,0,102000.0,4543.72,10100.0,0.4499,0
26,24,CDD,PROPRIETAIRE,0,69400.0,3091.51,12400.0,0.2493,0
25,12,CDI,PROPRIETAIRE,0,12700.0,1095.96,4400.0,0.2491,1
29,4,CDD,PROPRIETAIRE,0,27600.0,6993.69,46600.0,0.1501,0
31,36,FONCTIONNAIRE,PROPRIETAIRE,0,50800.0,1556.97,4000.0,0.3892,1
38,12,CDI,PROPRIETAIRE,0,13100.0,1130.48,4500.0,0.25120000000000003,0
48,24,CDI,PROPRIETAIRE,0,80500.0,3585.97,23900.0,0.15,0
32,12,CDI,PROPRIETAIRE,1,13000.0,1121.85,4000.0,0.2805,0
27,15,FONCTIONNAIRE,PROPRIETAIRE,1,67400.0,4690.5,31300.0,0.1499,0
28,30,INFORMEL,PROPRIETAIRE,1,78600.0,2845.71,6300.0,0.4517,1
32,24,CDD,PROPRIETAIRE,0,35900.0,1599.21,4000.0,0.3998,1
34,24,CDI,LOGEMENT_DE_FONCTION,0,53800.0,2396.59,9600.0,0.24960000000000002,0
28,18,CDI,PROPRIETAIRE,0,49200.0,2876.14,6400.0,0.44939999999999997,0
36,18,CDI,PROPRIETAIRE,1,19000.0,1110.7,4000.0,0.2777,0
39,8,CDI,PROPRIETAIRE,1,62900.0,8055.36,53700.0,0.15,0
49,12,FONCTIONNAIRE,LOCATAIRE,1,107300.0,9259.61,37000.0,0.2503,0
34,24,CDI,PROPRIETAIRE,0,28200.0,1256.2,4000.0,0.314,0
31,36,FONCTIONNAIRE,PROPRIETAIRE,0,82800.0,2537.74,5600.0,0.4532,0
28,6,FONCTIONNAIRE,PROPRIETAIRE,0,19800.0,3362.84,7500.0,0.4484,0
75,24,INFORMEL,LOGEMENT_DE_FONCTION,1,122400.0,5452.46,21800.0,0.2501,0
30,18,CDI,PROPRIETAIRE,1,34500.0,2016.8,4500.0,0.4482,1
24,60,CDD,PROPRIETAIRE,0,137000.0,2680.56,6000.0,0.4468,1
24,48,CDI,LOCATAIRE,1,214400.0,5084.49,20300.0,0.2505,1
23,24,FONCTIONNAIRE,LOCATAIRE,0,76000.0,3385.52,9700.0,0.349,1
44,6,CDI,LOCATAIRE,1,62600.0,10632.02,70900.0,0.15,1
23,13,CDD,PROPRIETAIRE,0,38900.0,3106.99,12400.0,0.2506,0
24,15,CDI,LOCATAIRE,0,23600.0,1642.37,4000.0,0.4106,1
28,24,CDI,PROPRIETAIRE,0,77100.0,3434.52,7600.0,0.45189999999999997,0
31,10,CDI,PROPRIETAIRE,0,28100.0,2894.39,6400.0,0.4522,0
24,24,CDD,LOGEMENT_DE_FONCTION,1,106200.0,4730.81,18900.0,0.2503,0
26,21,CDI,LOCATAIRE,0,66600.0,3363.79,22400.0,0.1502,0
25,18,CDD,LOCATAIRE,0,59400.0,3472.41,23100.0,0.1503,0
33,18,FONCTIONNAIRE,PROPRIETAIRE,0,82100.0,4799.41,32000.0,0.15,0
37,10,CDD,PROPRIETAIRE,0,73100.0,7529.54,50200.0,0.15,0
43,15,CDI,PROPRIETAIRE,1,27000.0,1878.98,4200.0,0.4474,0
23,13,CDD,PROPRIETAIRE,1,16300.0,1301.9,4000.0,0.32549999999999996,0
23,24,INFORMEL,LOCATAIRE,0,69500.0,3095.96,20600.0,0.1503,0
34,6,CDI,PROPRIETAIRE,1,32200.0,5468.87,36500.0,0.14980000000000002,0
32,9,FONCTIONNAIRE,LOGEMENT_DE_FONCTION,1,21000.0,2396.98,5300.0,0.4523,1
23,9,CDD,LOCATAIRE,0,22900.0,2613.85,17400.0,0.1502,0
29,9,CDI,PROPRIETAIRE,0,17700.0,2020.31,13500.0,0.1497,1
38,18,INFORMEL,PROPRIETAIRE,1,59700.0,3489.95,14000.0,0.2493,0
28,12,CDI,LOCATAIRE,0,114700.0,9898.2,22000.0,0.4499,1
46,10,FONCTIONNAIRE,LOGEMENT_DE_FONCTION,0,13400.0,1380.24,4000.0,0.34509999999999996,0
23,24,CDD,PROPRIETAIRE,0,23100.0,1029.02,4000.0,0.25730000000000003,1
49,12,FONCTIONNAIRE,PROPRIETAIRE,1,43100.0,3719.38,24800.0,0.15,0
26,36,CDI,PROPRIETAIRE,1,82600.0,2531.61,5600.0,0.4521,1
28,12,CDI,PROPRIETAIRE,0,14400.0,1242.67,4000.0,0.3107,0
23,30,CDI,LOCATAIRE,0,44500.0,1611.12,4000.0,0.4028,1
61,18,CDI,LOGEMENT_DE_FONCTION,0,22900.0,1338.69,4000.0,0.3347,0
37,12,FONCTIONNAIRE,PROPRIETAIRE,0,62900.0,5428.04,21700.0,0.2501,0
36,12,CDI,PROPRIETAIRE,1,41600.0,3589.93,14400.0,0.2493,0
21,6,CDI,LOCATAIRE,0,32700.0,5553.79,37000.0,0.1501,0
25,18,INFORMEL,PROPRIETAIRE,0,45800.0,2677.38,5900.0,0.45380000000000004,1
36,12,CDI,PROPRIETAIRE,0,28500.0,2459.45,9800.0,0.251,0
27,18,CDI,PROPRIETAIRE,1,71200.0,4162.22,11900.0,0.34979999999999994,0
22,18,CDD,LOCATAIRE,0,67500.0,3945.92,26300.0,0.15,0
42,36,FONCTIONNAIRE,PROPRIETAIRE,0,63800.0,1955.41,4300.0,0.4547,1
40,18,CDI,LOCATAIRE,0,55500.0,3244.42,13000.0,0.24960000000000002,0
36,36,CDI,PROPRIETAIRE,0,57000.0,1746.99,4000.0,0.43670000000000003,0
33,18,FONCTIONNAIRE,PROPRIETAIRE,1,112300.0,6564.84,18800.0,0.3492,0
23,10,CDD,LOCATAIRE,1,39700.0,4089.23,27300.0,0.14980000000000002,0
63,60,FONCTIONNAIRE,LOGEMENT_DE_FONCTION,1,254500.0,4979.58,19900.0,0.2502,0
60,60,FONCTIONNAIRE,LOGEMENT_DE_FONCTION,0,273500.0,5351.34,15300.0,0.34979999999999994,1
37,48,CDI,LOCATAIRE,0,142200.0,3372.27,13500.0,0.2498,1
34,18,INFORMEL,PROPRIETAIRE,1,42900.0,2507.85,10000.0,0.25079999999999997,0
36,7,FONCTIONNAIRE,LOGEMENT_DE_FONCTION,1,15700.0,2291.71,6500.0,0.35259999999999997,0
57,36,FONCTIONNAIRE,LOGEMENT_DE_FONCTION,0,264900.0,8118.92,18000.0,0.4511,1
52,6,CDI,PROPRIETAIRE,1,6700.0,1137.93,4000.0,0.2845,0
39,20,CDI,PROPRIETAIRE,0,40900.0,2163.3,4800.0,0.4507,0
38,18,INFORMEL,LOGEMENT_DE_FONCTION,0,240100.0,14035.79,40100.0,0.35,1
25,22,CDI,LOCATAIRE,0,23700.0,1145.65,4000.0,0.2864,0
26,12,CDD,PROPRIETAIRE,0,24600.0,2122.89,4700.0,0.4517,0
26,30,CDI,PROPRIETAIRE,1,79000.0,2860.19,11400.0,0.2509,0
25,18,CDI,PROPRIETAIRE,1,41400.0,2420.17,9700.0,0.2495,0
21,18,CDD,LOCATAIRE,0,20800.0,1215.93,4000.0,0.304,0
40,18,INFORMEL,PROPRIETAIRE,1,136400.0,7973.68,17700.0,0.45049999999999996,0
27,15,CDI,PROPRIETAIRE,1,43000.0,2992.45,12000.0,0.2494,0
27,9,CDI,PROPRIETAIRE,0,26800.0,3059.01,8700.0,0.35159999999999997,0
30,18,CDI,PROPRIETAIRE,0,33700.0,1970.04,7900.0,0.2494,0
19,12,CDD,LOCATAIRE,0,18200.0,1570.59,10500.0,0.1496,0
39,36,CDI,LOGEMENT_DE_FONCTION,0,60100.0,1842.01,7400.0,0.2489,0
31,6,CDI,PROPRIETAIRE,1,36200.0,6148.23,41000.0,0.15,0
31,9,INFORMEL,PROPRIETAIRE,1,44500.0,5079.32,20300.0,0.2502,0
32,39,CDI,LOCATAIRE,1,217600.0,6204.6,24800.0,0.2502,0
55,12,INFORMEL,LOGEMENT_DE_FONCTION,0,47700.0,4116.34,11800.0,0.3488,0
46,36,CDI,PROPRIETAIRE,1,43400.0,1330.17,4000.0,0.3325,0
46,12,FONCTIONNAIRE,LOCATAIRE,0,22600.0,1950.3,13000.0,0.15,1
43,24,CDI,PROPRIETAIRE,1,28000.0,1247.3,4000.0,0.3118,0
39,18,CDD,PROPRIETAIRE,0,27300.0,1595.91,4600.0,0.3469,0
28,18,CDI,PROPRIETAIRE,1,34900.0,2040.19,4500.0,0.4534,0
27,24,CDD,PROPRIETAIRE,1,160000.0,7127.4,28500.0,0.2501,1
27,14,CDI,PROPRIETAIRE,1,14800.0,1100.59,4000.0,0.2751,0
43,18,FONCTIONNAIRE,PROPRIETAIRE,1,53600.0,3133.35,7000.0,0.4476,0
22,24,CDD,PROPRIETAIRE,0,37700.0,1679.39,11200.0,0.1499,1
43,24,CDI,PROPRIETAIRE,1,40600.0,1808.58,4000.0,0.4521,0
27,15,CDD,PROPRIETAIRE,0,19500.0,1357.04,4000.0,0.3393,0
26,24,FONCTIONNAIRE,PROPRIETAIRE,0,59800.0,2663.87,7600.0,0.3505,0
28,12,CDI,PROPRIETAIRE,1,17400.0,1501.56,4000.0,0.3754,1
20,24,FONCTIONNAIRE,PROPRIETAIRE,0,36400.0,1621.48,4000.0,0.4054,0
35,33,CDI,PROPRIETAIRE,1,134200.0,4451.92,12700.0,0.3505,0
42,12,INFORMEL,PROPRIETAIRE,1,42400.0,3658.97,8100.0,0.4517,1
40,10,CDI,LOCATAIRE,0,29500.0,3038.6,8700.0,0.3493,0
35,24,CDI,PROPRIETAIRE,0,25500.0,1135.93,4000.0,0.284,1
35,36,FONCTIONNAIRE,PROPRIETAIRE,1,108100.0,3313.16,13300.0,0.2491,0
33,12,CDD,PROPRIETAIRE,0,47700.0,4116.34,9100.0,0.4523,1
23,18,CDI,LOCATAIRE,1,156700.0,9160.38,61100.0,0.1499,0
31,21,CDI,PROPRIETAIRE,0,51500.0,2601.13,17300.0,0.15039999999999998,0
33,18,CDI,PROPRIETAIRE,0,19300.0,1128.24,4000.0,0.2821,1
20,15,CDI,LOCATAIRE,0,58900.0,4098.97,16400.0,0.24989999999999998,0
30,12,CDI,PROPRIETAIRE,0,37500.0,3236.12,7200.0,0.4495,0
47,12,CDI,PROPRIETAIRE,1,17700.0,1527.45,6100.0,0.2504,0
34,21,CDI,PROPRIETAIRE,1,29400.0,1484.92,4000.0,0.3712,0
25,12,FONCTIONNAIRE,PROPRIETAIRE,0,51100.0,4409.75,29400.0,0.15,1
21,18,CDI,LOCATAIRE,0,51400.0,3004.75,20000.0,0.1502,0
29,28,FONCTIONNAIRE,PROPRIETAIRE,1,50700.0,1956.39,4300.0,0.455,0
46,18,CDI,PROPRIETAIRE,1,21300.0,1245.16,4000.0,0.31129999999999997,0
20,9,FONCTIONNAIRE,PROPRIETAIRE,0,24300.0,2773.65,18500.0,0.1499,0
55,18,INFORMEL,LOGEMENT_DE_FONCTION,1,22000.0,1286.08,5100.0,0.2522,1
74,5,CDI,PROPRIETAIRE,0,63800.0,12968.1,86500.0,0.1499,0
29,24,CDI,PROPRIETAIRE,0,209600.0,9336.89,37300.0,0.2503,1
36,6,INFORMEL,LOGEMENT_DE_FONCTION,1,34600.0,5876.49,13100.0,0.4486,0
33,24,CDI,PROPRIETAIRE,1,38100.0,1697.21,4000.0,0.4243,0
25,9,CDI,PROPRIETAIRE,0,39500.0,4508.61,12900.0,0.34950000000000003,0
25,12,CDI,PROPRIETAIRE,0,27500.0,2373.15,9500.0,0.2498,1
23,6,CDI,LOCATAIRE,0,12200.0,2072.06,8300.0,0.24960000000000002,0
37,24,FONCTIONNAIRE,PROPRIETAIRE,1,23800.0,1060.2,4000.0,0.2651,0
65,42,INFORMEL,PROPRIETAIRE,1,62800.0,1675.79,4000.0,0.4189,0
26,12,CDD,PROPRIETAIRE,0,11300.0,975.15,4000.0,0.2438,1
39,12,FONCTIONNAIRE,PROPRIETAIRE,0,34900.0,3011.74,6700.0,0.4495,0
30,12,CDI,PROPRIETAIRE,0,30000.0,2588.89,10400.0,0.2489,0
29,20,CDI,PROPRIETAIRE,1,48600.0,2570.57,10300.0,0.24960000000000002,0
41,12,FONCTIONNAIRE,PROPRIETAIRE,0,13300.0,1147.74,4000.0,0.2869,1
30,48,CDI,PROPRIETAIRE,1,94300.0,2236.32,8900.0,0.25129999999999997,1
41,9,FONCTIONNAIRE,LOCATAIRE,1,23000.0,2625.27,5800.0,0.4526,0
34,36,CDD,PROPRIETAIRE,0,34100.0,1045.13,4000.0,0.2613,1
35,7,CDI,PROPRIETAIRE,0,47700.0,6962.73,27900.0,0.24960000000000002,0
55,12,FONCTIONNAIRE,PROPRIETAIRE,0,26300.0,2269.6,6500.0,0.3492,0
61,15,CDI,PROPRIETAIRE,1,28000.0,1948.58,5600.0,0.348,1
30,36,CDI,PROPRIETAIRE,1,204500.0,6267.72,13900.0,0.4509,0
29,6,CDI,PROPRIETAIRE,0,9600.0,1630.47,4700.0,0.3469,0
34,12,FONCTIONNAIRE,PROPRIETAIRE,0,51000.0,4401.12,17600.0,0.2501,0
35,24,FONCTIONNAIRE,PROPRIETAIRE,0,49400.0,2200.58,4900.0,0.44909999999999994,0
31,24,CDI,PROPRIETAIRE,0,89100.0,3969.07,15900.0,0.24960000000000002,1
29,24,CDD,PROPRIETAIRE,0,49600.0,2209.49,4900.0,0.4509,0
36,11,CDI,LOCATAIRE,1,72200.0,6778.88,27100.0,0.2501,0
35,12,FONCTIONNAIRE,LOGEMENT_DE_FONCTION,0,62600.0,5402.16,15400.0,0.3508,1
27,6,CDD,PROPRIETAIRE,0,6300.0,1070.0,4000.0,0.2675,0
32,18,CDD,PROPRIETAIRE,0,85000.0,4968.94,14200.0,0.34990000000000004,0
37,36,CDI,PROPRIETAIRE,0,67000.0,2053.48,13700.0,0.1499,0
36,15,CDD,PROPRIETAIRE,0,31800.0,2213.02,8900.0,0.2487,0
34,12,CDD,LOCATAIRE,0,55800.0,4815.34,13800.0,0.3489,0
38,12,FONCTIONNAIRE,PROPRIETAIRE,0,13900.0,1199.52,4000.0,0.2999,0
34,18,CDI,PROPRIETAIRE,0,36100.0,2110.34,4700.0,0.449,0
63,24,CDI,PROPRIETAIRE,0,54100.0,2409.95,6900.0,0.3493,0
29,24,CDD,LOCATAIRE,1,30700.0,1367.57,4000.0,0.3419,1
32,48,FONCTIONNAIRE,PROPRIETAIRE,1,133900.0,3175.43,9100.0,0.3489,0
26,33,CDI,PROPRIETAIRE,1,51100.0,1695.18,6800.0,0.2493,0
35,24,CDI,PROPRIETAIRE,1,86600.0,3857.71,11000.0,0.3507,0
22,24,CDD,LOCATAIRE,0,57200.0,2548.05,7300.0,0.349,1
23,6,CDD,PROPRIETAIRE,0,8300.0,1409.68,4000.0,0.35240000000000005,1
28,9,CDI,PROPRIETAIRE,0,12100.0,1381.12,4000.0,0.3453,1
36,6,INFORMEL,PROPRIETAIRE,0,22900.0,3889.35,8600.0,0.4522,0
33,18,CDI,PROPRIETAIRE,1,23000.0,1344.54,4000.0,0.3361,1
26,18,CDD,LOCATAIRE,0,57600.0,3367.19,22400.0,0.1503,1
24,39,CDI,PROPRIETAIRE,0,47500.0,1354.4,4000.0,0.3386,0
25,24,CDI,PROPRIETAIRE,0,95300.0,4245.26,9400.0,0.45159999999999995,0
39,12,CDI,PROPRIETAIRE,0,19200.0,1656.89,4700.0,0.3525,0
44,15,FONCTIONNAIRE,PROPRIETAIRE,1,27300.0,1899.86,4200.0,0.4523,0
23,12,CDI,PROPRIETAIRE,1,66100.0,5704.19,38000.0,0.1501,0
26,24,CDD,PROPRIETAIRE,0,22200.0,988.93,4000.0,0.24719999999999998,0
57,30,FONCTIONNAIRE,LOCATAIRE,0,67000.0,2425.73,5400.0,0.44920000000000004,0
30,15,CDI,PROPRIETAIRE,1,17800.0,1238.74,4000.0,0.3097,0
44,12,CDI,PROPRIETAIRE,1,21500.0,1855.37,4100.0,0.4525,0
47,6,INFORMEL,PROPRIETAIRE,1,22400.0,3804.43,8500.0,0.4476,1
52,12,CDI,PROPRIETAIRE,0,56900.0,4910.27,19600.0,0.2505,0
62,24,FONCTIONNAIRE,LOGEMENT_DE_FONCTION,0,69500.0,3095.96,6900.0,0.4487,0
35,10,CDI,LOCATAIRE,0,26200.0,2698.69,7700.0,0.3505,0
26,6,CDI,LOCATAIRE,0,65100.0,11056.62,44200.0,0.2501,0
26,12,FONCTIONNAIRE,PROPRIETAIRE,1,35800.0,3089.41,12400.0,0.2491,0
42,27,FONCTIONNAIRE,LOGEMENT_DE_FONCTION,0,153900.0,6142.36,24600.0,0.24969999999999998,1
27,6,CDI,PROPRIETAIRE,1,22900.0,3889.35,25900.0,0.1502,0
38,6,FONCTIONNAIRE,PROPRIETAIRE,0,6800.0,1154.92,4000.0,0.2887,0
39,12,CDI,LOCATAIRE,1,39300.0,3391.45,9700.0,0.3496,0
20,24,CDI,PROPRIETAIRE,0,55400.0,2467.86,9900.0,0.2493,1
29,36,CDD,LOCATAIRE,0,167100.0,5121.45,11400.0,0.44920000000000004,1
40,24,CDI,PROPRIETAIRE,1,29300.0,1305.21,4000.0,0.32630000000000003,0
32,18,FONCTIONNAIRE,PROPRIETAIRE,0,24100.0,1408.84,4000.0,0.3522,0
28,6,FONCTIONNAIRE,PROPRIETAIRE,1,24500.0,4161.1,16600.0,0.2507,0
27,24,CDD,PROPRIETAIRE,0,57800.0,2574.77,5700.0,0.4517,1
42,36,FONCTIONNAIRE,LOGEMENT_DE_FONCTION,0,101600.0,3113.94,12500.0,0.2491,0
49,9,FONCTIONNAIRE,PROPRIETAIRE,0,20800.0,2374.15,9500.0,0.24989999999999998,0
38,24,CDD,PROPRIETAIRE,1,22500.0,1002.29,4000.0,0.2506,1
24,24,CDD,LOCATAIRE,0,22300.0,993.38,4000.0,0.2483,1
27,10,CDI,PROPRIETAIRE,0,24200.0,2492.68,5500.0,0.4532,1
36,15,CDI,PROPRIETAIRE,1,43700.0,3041.17,12200.0,0.2493,0
34,15,INFORMEL,PROPRIETAIRE,0,126700.0,8817.3,58800.0,0.15,1
28,24,CDI,PROPRIETAIRE,0,26100.0,1162.66,4000.0,0.2907,0
45,39,FONCTIONNAIRE,PROPRIETAIRE,0,158900.0,4530.84,10100.0,0.4486,0
26,12,CDI,PROPRIETAIRE,0,14000.0,1208.15,4000.0,0.302,1
32,36,CDI,LOGEMENT_DE_FONCTION,0,86700.0,2657.27,10600.0,0.2507,0
26,15,CDI,LOCATAIRE,0,49700.0,3458.72,13800.0,0.2506,0
20,12,CDI,LOCATAIRE,1,10800.0,932.0,4000.0,0.233,0
54,24,CDD,PROPRIETAIRE,0,41700.0,1857.58,4100.0,0.4531,0
37,6,CDI,PROPRIETAIRE,1,11300.0,1919.2,4300.0,0.44630000000000003,0
40,6,CDD,PROPRIETAIRE,1,25200.0,4279.98,17100.0,0.2503,0
23,36,CDD,LOCATAIRE,1,131800.0,4039.54,16200.0,0.2494,1
43,6,FONCTIONNAIRE,PROPRIETAIRE,0,22300.0,3787.45,10800.0,0.3507,0
36,6,FONCTIONNAIRE,LOGEMENT_DE_FONCTION,1,13000.0,2207.93,4900.0,0.4506,0
44,24,FONCTIONNAIRE,LOGEMENT_DE_FONCTION,1,101900.0,4539.26,13000.0,0.3492,0
24,18,CDI,PROPRIETAIRE,0,59000.0,3449.03,13800.0,0.24989999999999998,1
53,48,CDI,LOGEMENT_DE_FONCTION,0,131700.0,3123.26,8900.0,0.35090000000000005,1
23,24,CDI,PROPRIETAIRE,0,64500.0,2873.23,8200.0,0.3504,0
26,18,CDI,PROPRIETAIRE,0,20600.0,1204.24,4000.0,0.3011,0
30,26,CDD,PROPRIETAIRE,0,147400.0,6093.12,24400.0,0.24969999999999998,0
31,15,CDI,PROPRIETAIRE,1,28300.0,1969.45,4400.0,0.4476,0
42,4,CDI,PROPRIETAIRE,1,27800.0,7044.37,28200.0,0.2498,0
31,36,CDI,LOCATAIRE,0,42600.0,1305.65,4000.0,0.3264,1
41,6,CDD,PROPRIETAIRE,0,12200.0,2072.06,5900.0,0.35119999999999996,0
32,36,CDI,PROPRIETAIRE,0,42100.0,1290.32,4000.0,0.3226,0
28,15,CDI,LOCATAIRE,0,48700.0,3389.13,13600.0,0.2492,1
41,12,CDI,LOCATAIRE,1,27800.0,2399.04,5300.0,0.4526,0
26,24,CDI,PROPRIETAIRE,0,24300.0,1082.47,4000.0,0.2706,0
25,24,CDD,PROPRIETAIRE,0,57400.0,2556.95,5700.0,0.4486,0
33,21,CDD,LOCATAIRE,1,42900.0,2166.77,8700.0,0.2491,1
75,6,INFORMEL,PROPRIETAIRE,0,25400.0,4313.95,9600.0,0.44939999999999997,0
37,18,FONCTIONNAIRE,PROPRIETAIRE,1,66800.0,3905.0,11200.0,0.34869999999999995,0
42,48,FONCTIONNAIRE,LOGEMENT_DE_FONCTION,0,143600.0,3405.47,7600.0,0.4481,1
45,18,CDD,PROPRIETAIRE,0,56400.0,3297.04,22000.0,0.1499,0
23,12,CDD,LOCATAIRE,0,28400.0,2450.82,16300.0,0.15039999999999998,1
60,24,FONCTIONNAIRE,LOGEMENT_DE_FONCTION,1,37600.0,1674.94,4000.0,0.41869999999999996,0
31,30,FONCTIONNAIRE,PROPRIETAIRE,0,117500.0,4254.09,9500.0,0.44780000000000003,1
34,18,CDI,PROPRIETAIRE,0,53000.0,3098.28,12400.0,0.24989999999999998,1
61,12,FONCTIONNAIRE,PROPRIETAIRE,1,23200.0,2002.08,4400.0,0.455,0
43,24,INFORMEL,LOGEMENT_DE_FONCTION,1,24700.0,1100.29,4000.0,0.2751,1
37,24,CDI,PROPRIETAIRE,1,37400.0,1666.03,4000.0,0.4165,0
32,24,CDI,PROPRIETAIRE,0,28700.0,1278.48,4000.0,0.3196,0
24,12,CDI,PROPRIETAIRE,0,11600.0,1001.04,4000.0,0.2503,1
35,48,CDI,LOGEMENT_DE_FONCTION,1,163900.0,3886.88,15500.0,0.25079999999999997,0
23,12,CDI,PROPRIETAIRE,1,18400.0,1587.85,4000.0,0.397,0
45,6,FONCTIONNAIRE,PROPRIETAIRE,0,32400.0,5502.84,22000.0,0.2501,0
34,48,CDI,PROPRIETAIRE,0,129500.0,3071.09,20500.0,0.14980000000000002,1
27,12,CDD,PROPRIETAIRE,1,36900.0,3184.34,7100.0,0.4485,0
67,9,CDI,PROPRIETAIRE,0,22200.0,2533.95,5600.0,0.4525,0
22,12,CDD,PROPRIETAIRE,0,24600.0,2122.89,8500.0,0.2498,1
28,18,CDD,PROPRIETAIRE,0,42100.0,2461.09,7000.0,0.35159999999999997,1
29,21,CDI,PROPRIETAIRE,0,92600.0,4676.99,31200.0,0.1499,1
27,24,CDI,PROPRIETAIRE,0,65700.0,2926.69,8400.0,0.34840000000000004,1
31,18,CDD,PROPRIETAIRE,1,35700.0,2086.95,8300.0,0.2514,1
49,24,FONCTIONNAIRE,LOGEMENT_DE_FONCTION,0,54800.0,2441.13,5400.0,0.4521,0
24,24,CDI,LOCATAIRE,0,28600.0,1274.02,4000.0,0.3185,1
29,6,CDD,PROPRIETAIRE,1,12600.0,2139.99,8600.0,0.2488,0
37,36,CDI,LOGEMENT_DE_FONCTION,0,229200.0,7024.75,46800.0,0.1501,1
37,24,CDI,PROPRIETAIRE,1,87200.0,3884.43,8600.0,0.4517,0
23,24,CDI,LOCATAIRE,1,28700.0,1278.48,4000.0,0.3196,0
36,12,CDI,PROPRIETAIRE,0,25400.0,2191.93,8800.0,0.2491,1
34,24,FONCTIONNAIRE,PROPRIETAIRE,1,47700.0,2124.86,8500.0,0.25,0
41,48,CDI,PROPRIETAIRE,0,73600.0,1745.42,4000.0,0.4364,0
31,48,CDI,PROPRIETAIRE,0,125000.0,2964.37,8500.0,0.34869999999999995,1
23,24,CDD,LOCATAIRE,0,59800.0,2663.87,5900.0,0.4515,1
38,30,CDI,PROPRIETAIRE,1,110100.0,3986.17,11400.0,0.3497,0
26,24,INFORMEL,LOCATAIRE,0,100500.0,4476.9,17900.0,0.2501,0
22,15,CDI,PROPRIETAIRE,0,14900.0,1036.92,4000.0,0.25920000000000004,0
27,9,FONCTIONNAIRE,PROPRIETAIRE,0,20000.0,2282.84,5100.0,0.4476,0
24,15,CDI,PROPRIETAIRE,1,51600.0,3590.95,14400.0,0.2494,0
27,12,CDI,PROPRIETAIRE,0,54200.0,4677.27,18700.0,0.2501,0
33,24,CDI,PROPRIETAIRE,1,35600.0,1585.85,4500.0,0.35240000000000005,0
27,36,CDD,PROPRIETAIRE,1,52200.0,1599.88,4000.0,0.4,1
27,24,CDD,PROPRIETAIRE,0,17300.0,770.65,4000.0,0.19269999999999998,0
30,18,FONCTIONNAIRE,PROPRIETAIRE,1,19500.0,1139.93,4000.0,0.285,1
49,12,CDD,PROPRIETAIRE,1,57800.0,4987.93,33300.0,0.14980000000000002,0
26,9,CDI,LOCATAIRE,0,25700.0,2933.45,6500.0,0.45130000000000003,0
33,36,CDD,LOCATAIRE,0,44100.0,1351.62,4000.0,0.3379,1
52,12,FONCTIONNAIRE,LOGEMENT_DE_FONCTION,0,39500.0,3408.71,7600.0,0.4485,0
20,18,CDI,LOCATAIRE,0,37700.0,2203.87,14700.0,0.1499,1
36,9,CDI,LOCATAIRE,1,51800.0,5912.56,23700.0,0.2495,0
21,12,CDI,PROPRIETAIRE,0,23800.0,2053.85,4600.0,0.4465,0
47,18,CDI,PROPRIETAIRE,0,22500.0,1315.31,4000.0,0.32880000000000004,1
60,12,FONCTIONNAIRE,PROPRIETAIRE,1,41600.0,3589.93,10300.0,0.34850000000000003,1
58,12,CDI,PROPRIETAIRE,1,7100.0,612.7,4000.0,0.1532,0
42,24,CDI,LOCATAIRE,1,36400.0,1621.48,4000.0,0.4054,0
36,21,FONCTIONNAIRE,PROPRIETAIRE,0,29100.0,1469.77,4000.0,0.3674,0
20,24,CDI,LOCATAIRE,0,50300.0,2240.68,6400.0,0.35009999999999997,1
40,24,FONCTIONNAIRE,PROPRIETAIRE,0,25100.0,1118.11,4000.0,0.27949999999999997,1
32,6,CDD,PROPRIETAIRE,0,17200.0,2921.26,19500.0,0.14980000000000002,1
23,24,CDI,LOCATAIRE,0,26700.0,1189.38,4000.0,0.2973,1
36,24,CDI,PROPRIETAIRE,0,78500.0,3496.88,23300.0,0.1501,1
31,18,CDI,PROPRIETAIRE,1,51300.0,2998.9,12000.0,0.24989999999999998,1
32,24,CDI,LOGEMENT_DE_FONCTION,1,71500.0,3185.06,21200.0,0.1502,0
45,7,CDD,PROPRIETAIRE,0,43100.0,6291.27,41900.0,0.1501,0
30,9,CDI,PROPRIETAIRE,0,17000.0,1940.41,4300.0,0.45130000000000003,1
34,24,CDI,LOGEMENT_DE_FONCTION,0,34000.0,1514.57,4000.0,0.3786,1
28,36,CDI,PROPRIETAIRE,0,62000.0,1900.24,4200.0,0.4524,1
23,10,CDD,PROPRIETAIRE,0,23600.0,2430.88,5400.0,0.45020000000000004,0
22,24,CDI,PROPRIETAIRE,0,52300.0,2329.77,5200.0,0.44799999999999995,0
74,24,CDI,PROPRIETAIRE,1,83700.0,3728.52,10700.0,0.34850000000000003,0
50,36,CDI,LOGEMENT_DE_FONCTION,0,49400.0,1514.06,4000.0,0.3785,1
33,18,CDD,PROPRIETAIRE,0,37900.0,2215.56,4900.0,0.4522,0
45,15,FONCTIONNAIRE,LOGEMENT_DE_FONCTION,0,24000.0,1670.21,4000.0,0.41759999999999997,0
22,12,INFORMEL,PROPRIETAIRE,0,13700.0,1182.26,4000.0,0.2956,1
48,10,FONCTIONNAIRE,LOGEMENT_DE_FONCTION,0,22900.0,2358.78,15700.0,0.1502,1
29,21,CDD,PROPRIETAIRE,0,62100.0,3136.51,7000.0,0.4481,0
22,24,CDI,LOCATAIRE,0,67200.0,2993.51,20000.0,0.1497,0
22,18,CDI,PROPRIETAIRE,1,33400.0,1952.5,4300.0,0.45409999999999995,1
48,48,CDI,PROPRIETAIRE,0,225800.0,5354.84,21400.0,0.2502,0
27,60,CDI,LOGEMENT_DE_FONCTION,1,169400.0,3314.51,13300.0,0.2492,0
37,6,CDI,LOCATAIRE,1,68000.0,11549.16,77000.0,0.15,0
21,30,CDI,LOCATAIRE,0,63700.0,2306.26,9200.0,0.2507,1
49,12,CDI,PROPRIETAIRE,0,11800.0,1018.3,4000.0,0.2546,0
27,21,CDI,PROPRIETAIRE,1,67600.0,3414.3,13700.0,0.2492,0
32,18,CDI,PROPRIETAIRE,1,28300.0,1654.36,4700.0,0.35200000000000004,1
38,48,CDI,PROPRIETAIRE,0,72400.0,1716.96,4000.0,0.4292,1
22,12,CDD,LOCATAIRE,0,34400.0,2968.6,6600.0,0.4498,0
65,18,CDI,LOGEMENT_DE_FONCTION,0,48100.0,2811.83,6200.0,0.4535,1
35,15,FONCTIONNAIRE,PROPRIETAIRE,0,36600.0,2547.07,5700.0,0.44689999999999996,0
41,6,CDI,PROPRIETAIRE,0,39100.0,6640.77,26600.0,0.24969999999999998,0
29,9,CDI,PROPRIETAIRE,0,26600.0,3036.18,12100.0,0.2509,1
36,42,CDI,PROPRIETAIRE,1,74800.0,1996.01,4400.0,0.4536,0
64,9,FONCTIONNAIRE,PROPRIETAIRE,0,70900.0,8092.67,54000.0,0.1499,0
28,24,CDI,PROPRIETAIRE,0,67700.0,3015.78,12100.0,0.2492,0
44,18,CDI,PROPRIETAIRE,0,28700.0,1677.75,4000.0,0.4194,1
23,15,CDD,PROPRIETAIRE,0,26700.0,1858.11,4100.0,0.4532,0
19,9,CDD,LOCATAIRE,0,36600.0,4177.6,16700.0,0.2502,1
25,24,CDD,PROPRIETAIRE,0,25100.0,1118.11,4000.0,0.27949999999999997,1
47,12,FONCTIONNAIRE,PROPRIETAIRE,0,25800.0,2226.45,4900.0,0.45439999999999997,0
28,24,CDI,PROPRIETAIRE,0,25500.0,1135.93,4000.0,0.284,0
21,60,CDI,PROPRIETAIRE,1,289600.0,5666.36,22700.0,0.24960000000000002,0
34,12,CDD,PROPRIETAIRE,0,27600.0,2381.78,5300.0,0.44939999999999997,0
26,42,CDI,PROPRIETAIRE,1,80800.0,2156.12,6200.0,0.3478,1
27,18,INFORMEL,PROPRIETAIRE,0,13900.0,812.57,4000.0,0.20309999999999997,1
38,15,FONCTIONNAIRE,PROPRIETAIRE,0,24200.0,1684.13,4000.0,0.42100000000000004,0
40,15,CDI,PROPRIETAIRE,0,85500.0,5950.11,17000.0,0.35,1
33,24,CDI,PROPRIETAIRE,1,34200.0,1523.48,4000.0,0.3809,0
32,18,CDI,PROPRIETAIRE,1,34800.0,2034.34,4500.0,0.4521,0
27,36,CDD,LOCATAIRE,1,147600.0,4523.79,10100.0,0.44789999999999996,1
32,30,CDI,PROPRIETAIRE,0,84800.0,3070.18,12300.0,0.24960000000000002,0
26,12,CDI,PROPRIETAIRE,0,25600.0,2209.19,8800.0,0.251,1
38,24,CDI,LOGEMENT_DE_FONCTION,0,17500.0,779.56,4000.0,0.1949,1
40,12,CDI,LOCATAIRE,0,12700.0,1095.96,4000.0,0.27399999999999997,1
50,48,CDI,LOGEMENT_DE_FONCTION,0,138300.0,3279.78,7300.0,0.4493,0
37,12,CDI,PROPRIETAIRE,0,35600.0,3072.15,6800.0,0.4518,1
45,24,FONCTIONNAIRE,PROPRIETAIRE,0,42600.0,1897.67,4200.0,0.4518,1
42,36,FONCTIONNAIRE,PROPRIETAIRE,1,149600.0,4585.09,18300.0,0.2506,1
35,24,CDI,PROPRIETAIRE,1,43400.0,1933.31,4300.0,0.4496,0
22,14,INFORMEL,LOGEMENT_DE_FONCTION,0,73500.0,5465.78,36400.0,0.1502,0
41,12,FONCTIONNAIRE,PROPRIETAIRE,0,16400.0,1415.26,4000.0,0.3538,1
37,48,CDI,PROPRIETAIRE,0,189100.0,4484.5,10000.0,0.4484,0
28,30,CDI,PROPRIETAIRE,0,78100.0,2827.61,11300.0,0.2502,0
41,18,FONCTIONNAIRE,PROPRIETAIRE,1,117700.0,6880.52,27500.0,0.2502,0
23,12,CDI,LOCATAIRE,0,24000.0,2071.11,5900.0,0.35100000000000003,0
23,12,CDI,PROPRIETAIRE,0,16600.0,1432.52,4000.0,0.35810000000000003,1
50,21,FONCTIONNAIRE,PROPRIETAIRE,0,41500.0,2096.06,4700.0,0.446,0
35,6,INFORMEL,PROPRIETAIRE,1,19400.0,3294.91,7300.0,0.4514,0
50,6,CDI,PROPRIETAIRE,1,19400.0,3294.91,13200.0,0.24960000000000002,0
27,24,INFORMEL,PROPRIETAIRE,1,116800.0,5203.0,11600.0,0.4485,0
34,30,CDI,PROPRIETAIRE,0,64700.0,2342.46,5200.0,0.45049999999999996,0
27,48,CDI,PROPRIETAIRE,0,66800.0,1584.16,10600.0,0.1494,0
43,12,FONCTIONNAIRE,LOCATAIRE,1,89600.0,7732.16,22100.0,0.34990000000000004,1
47,30,FONCTIONNAIRE,PROPRIETAIRE,1,55800.0,2020.24,4500.0,0.4489,0
27,24,CDI,PROPRIETAIRE,1,76600.0,3412.24,9700.0,0.3518,0
31,36,CDI,PROPRIETAIRE,0,106200.0,3254.92,13000.0,0.2504,0
42,60,FONCTIONNAIRE,PROPRIETAIRE,0,191800.0,3752.79,15000.0,0.2502,0
24,6,CDI,PROPRIETAIRE,1,38500.0,6538.86,43600.0,0.15,0
41,21,CDD,PROPRIETAIRE,1,47700.0,2409.2,5400.0,0.4461,1
26,30,CDI,LOCATAIRE,1,83800.0,3033.98,6700.0,0.45280000000000004,0
33,24,FONCTIONNAIRE,PROPRIETAIRE,1,95300.0,4245.26,9400.0,0.45159999999999995,0
24,72,CDI,PROPRIETAIRE,0,103500.0,1739.83,7000.0,0.24850000000000003,1
64,24,FONCTIONNAIRE,LOCATAIRE,0,44100.0,1964.49,4400.0,0.4465,0
26,18,CDD,PROPRIETAIRE,0,26900.0,1572.52,4500.0,0.3494,0
56,6,CDD,PROPRIETAIRE,0,28500.0,4840.46,32300.0,0.1499,0
37,12,CDI,LOGEMENT_DE_FONCTION,0,42200.0,3641.71,8100.0,0.4496,0
33,15,CDI,PROPRIETAIRE,1,27300.0,1899.86,4200.0,0.4523,0
47,24,CDD,LOGEMENT_DE_FONCTION,1,94400.0,4205.17,12000.0,0.3504,0
31,36,CDI,PROPRIETAIRE,1,182400.0,5590.38,37300.0,0.1499,0
34,60,CDI,LOGEMENT_DE_FONCTION,0,120700.0,2361.63,5200.0,0.4542,0
27,10,CDI,PROPRIETAIRE,1,24900.0,2564.78,5700.0,0.45,0
30,36,FONCTIONNAIRE,LOGEMENT_DE_FONCTION,1,52900.0,1621.33,4000.0,0.4053,0
35,9,FONCTIONNAIRE,PROPRIETAIRE,0,50900.0,5809.83,16600.0,0.35,0
31,12,CDI,PROPRIETAIRE,0,67500.0,5825.01,38800.0,0.1501,0
25,15,CDI,PROPRIETAIRE,1,18000.0,1252.66,5000.0,0.2505,0
25,15,CDI,PROPRIETAIRE,0,48700.0,3389.13,9700.0,0.3494,0
29,24,CDD,PROPRIETAIRE,0,53600.0,2387.68,9600.0,0.2487,0
44,6,CDD,PROPRIETAIRE,1,87200.0,14810.1,98700.0,0.1501,0
28,24,CDI,PROPRIETAIRE,0,42300.0,1884.31,4200.0,0.4486,0
50,6,CDI,LOCATAIRE,0,22900.0,3889.35,15600.0,0.2493,0
29,12,CDI,PROPRIETAIRE,0,20400.0,1760.45,4000.0,0.4401,0
38,12,INFORMEL,PROPRIETAIRE,1,17100.0,1475.67,9800.0,0.1506,0
24,18,CDI,PROPRIETAIRE,1,33300.0,1946.65,4300.0,0.45270000000000005,0
40,15,FONCTIONNAIRE,LOCATAIRE,0,35200.0,2449.64,5400.0,0.4536,0
29,12,CDI,LOCATAIRE,0,20800.0,1794.97,4000.0,0.4487,1
46,48,FONCTIONNAIRE,LOGEMENT_DE_FONCTION,1,117100.0,2777.02,6200.0,0.44789999999999996,1
47,24,FONCTIONNAIRE,LOGEMENT_DE_FONCTION,0,25500.0,1135.93,4000.0,0.284,0
41,30,FONCTIONNAIRE,PROPRIETAIRE,1,46300.0,1676.29,4000.0,0.4191,0
32,27,CDD,PROPRIETAIRE,0,46800.0,1867.85,4200.0,0.4447,0
35,15,FONCTIONNAIRE,LOGEMENT_DE_FONCTION,0,98500.0,6854.81,45700.0,0.15,0
24,48,CDI,PROPRIETAIRE,0,121400.0,2879.0,8200.0,0.35109999999999997,1
25,12,CDD,LOCATAIRE,0,54900.0,4737.67,10500.0,0.4512,1
25,9,FONCTIONNAIRE,PROPRIETAIRE,0,22300.0,2545.37,5700.0,0.44659999999999994,0
37,9,CDI,PROPRIETAIRE,0,39200.0,4474.37,17900.0,0.25,0
32,18,FONCTIONNAIRE,PROPRIETAIRE,1,11600.0,678.11,4000.0,0.16949999999999998,0
35,6,FONCTIONNAIRE,LOGEMENT_DE_FONCTION,0,22200.0,3770.46,8400.0,0.4489,1
46,21,FONCTIONNAIRE,PROPRIETAIRE,0,45800.0,2313.24,5100.0,0.4536,0
25,9,CDI,PROPRIETAIRE,1,21100.0,2408.4,5400.0,0.446,0
27,60,CDI,PROPRIETAIRE,0,259500.0,5077.42,11300.0,0.4493,1
63,30,FONCTIONNAIRE,PROPRIETAIRE,1,140500.0,5086.8,33900.0,0.1501,0
40,30,FONCTIONNAIRE,PROPRIETAIRE,1,56900.0,2060.06,5900.0,0.3492,0
32,18,CDI,LOGEMENT_DE_FONCTION,0,27800.0,1625.14,4000.0,0.40630000000000005,0
31,24,CDI,PROPRIETAIRE,1,58200.0,2592.59,7400.0,0.3503,0
31,20,FONCTIONNAIRE,PROPRIETAIRE,0,113700.0,6013.86,17200.0,0.3496,0
34,9,CDD,PROPRIETAIRE,0,24700.0,2819.31,6300.0,0.4475,1
24,6,CDD,LOCATAIRE,0,8000.0,1358.72,4000.0,0.3397,1
24,12,CDI,PROPRIETAIRE,0,22700.0,1958.93,4400.0,0.44520000000000004,1
66,9,CDI,PROPRIETAIRE,0,14600.0,1666.47,4000.0,0.41659999999999997,0
21,27,CDI,LOCATAIRE,0,47500.0,1895.79,5400.0,0.35109999999999997,1
41,6,CDI,PROPRIETAIRE,1,4600.0,781.27,4000.0,0.1953,0
47,15,CDI,PROPRIETAIRE,1,24300.0,1691.08,6800.0,0.2487,0
25,18,CDI,LOCATAIRE,0,34800.0,2034.34,4500.0,0.4521,1
59,48,FONCTIONNAIRE,LOCATAIRE,0,118700.0,2814.96,6300.0,0.4468,1
36,24,CDI,PROPRIETAIRE,1,23600.0,1051.29,4200.0,0.2503,0
33,24,CDD,PROPRIETAIRE,1,118500.0,5278.73,35200.0,0.15,0
21,24,CDI,LOCATAIRE,0,36800.0,1639.3,6600.0,0.2484,1
44,8,CDI,PROPRIETAIRE,0,14100.0,1805.73,4000.0,0.4514,0
28,24,CDI,LOCATAIRE,0,48200.0,2147.13,8600.0,0.24969999999999998,0
37,4,CDI,PROPRIETAIRE,1,62500.0,15837.16,105600.0,0.15,0
29,36,CDD,PROPRIETAIRE,0,73800.0,2261.9,6500.0,0.348,0
23,24,CDI,LOCATAIRE,0,213900.0,9528.44,63500.0,0.1501,1
35,18,CDI,PROPRIETAIRE,0,81000.0,4735.11,13500.0,0.3507,0
45,6,CDI,PROPRIETAIRE,1,125100.0,21247.06,141600.0,0.15,0
26,30,CDI,LOCATAIRE,0,79200.0,2867.43,6400.0,0.44799999999999995,1
32,24,CDI,PROPRIETAIRE,0,43000.0,1915.49,7700.0,0.2488,0
23,10,CDI,PROPRIETAIRE,0,19400.0,1998.26,4400.0,0.4542,0
41,21,FONCTIONNAIRE,PROPRIETAIRE,0,58500.0,2954.68,6600.0,0.44770000000000004,0
22,24,CDI,PROPRIETAIRE,0,45900.0,2044.67,4500.0,0.45439999999999997,0
30,39,CDI,PROPRIETAIRE,1,262300.0,7479.16,16600.0,0.4506,0
28,13,CDD,PROPRIETAIRE,1,33200.0,2651.73,7600.0,0.3489,0
23,15,INFORMEL,LOCATAIRE,0,46500.0,3236.03,21600.0,0.14980000000000002,0
37,12,CDD,PROPRIETAIRE,0,23600.0,2036.6,5800.0,0.35109999999999997,1
26,21,CDI,PROPRIETAIRE,0,97100.0,4904.27,32700.0,0.15,0
33,15,CDI,PROPRIETAIRE,0,56000.0,3897.15,15600.0,0.2498,0
49,6,FONCTIONNAIRE,PROPRIETAIRE,0,7900.0,1341.74,5400.0,0.24850000000000003,0
23,18,CDD,PROPRIETAIRE,0,18100.0,1058.09,7100.0,0.149,1
23,12,CDI,LOCATAIRE,0,15600.0,1346.22,5400.0,0.2493,0
25,30,CDI,PROPRIETAIRE,1,106800.0,3866.69,8600.0,0.4496,0
55,12,FONCTIONNAIRE,LOGEMENT_DE_FONCTION,1,28800.0,2485.34,5500.0,0.45189999999999997,1
32,24,CDI,LOCATAIRE,0,23800.0,1060.2,4000.0,0.2651,1
74,6,CDI,PROPRIETAIRE,1,24000.0,4076.17,27200.0,0.1499,0
39,15,CDI,LOGEMENT_DE_FONCTION,1,23500.0,1635.41,4700.0,0.348,1
31,24,CDI,PROPRIETAIRE,0,25800.0,1149.29,4600.0,0.2498,0
35,12,FONCTIONNAIRE,PROPRIETAIRE,1,12800.0,1104.59,4000.0,0.2761,1
59,15,FONCTIONNAIRE,PROPRIETAIRE,1,93300.0,6492.93,43300.0,0.15,0
24,18,CDI,LOCATAIRE,1,39300.0,2297.4,5100.0,0.45049999999999996,1
24,12,CDI,PROPRIETAIRE,0,41000.0,3538.15,7900.0,0.44789999999999996,0
30,21,FONCTIONNAIRE,LOGEMENT_DE_FONCTION,1,234600.0,11849.04,26300.0,0.45049999999999996,1
27,24,CDI,PROPRIETAIRE,1,45600.0,2031.31,4500.0,0.4514,0
40,12,FONCTIONNAIRE,PROPRIETAIRE,0,21400.0,1846.74,5300.0,0.34840000000000004,0
31,30,CDD,PROPRIETAIRE,0,57500.0,2081.79,8300.0,0.25079999999999997,1
31,10,CDD,LOCATAIRE,0,53700.0,5531.28,36900.0,0.1499,0
28,12,FONCTIONNAIRE,LOCATAIRE,1,66900.0,5773.23,38500.0,0.15,0
63,12,FONCTIONNAIRE,PROPRIETAIRE,1,30600.0,2640.67,10600.0,0.2491,0
26,24,FONCTIONNAIRE,LOCATAIRE,0,52000.0,2316.41,9300.0,0.2491,0
25,36,CDI,PROPRIETAIRE,1,149200.0,4572.83,13100.0,0.34909999999999997,1
36,21,FONCTIONNAIRE,PROPRIETAIRE,1,60600.0,3060.75,20400.0,0.15,0
52,24,FONCTIONNAIRE,PROPRIETAIRE,1,41100.0,1830.85,4100.0,0.4465,0
66,12,INFORMEL,LOGEMENT_DE_FONCTION,1,27400.0,2364.52,9500.0,0.2489,0
25,24,CDI,LOCATAIRE,0,25400.0,1131.47,4000.0,0.2829,1
37,36,CDI,PROPRIETAIRE,1,65400.0,2004.44,4500.0,0.4454,0
25,18,CDI,PROPRIETAIRE,0,64900.0,3793.93,8400.0,0.4517,0
38,36,FONCTIONNAIRE,PROPRIETAIRE,1,105700.0,3239.6,7200.0,0.4499,0
67,18,INFORMEL,PROPRIETAIRE,0,71600.0,4185.6,16700.0,0.2506,0
25,39,CDI,PROPRIETAIRE,1,91300.0,2603.31,10400.0,0.2503,1
60,24,FONCTIONNAIRE,PROPRIETAIRE,1,35900.0,1599.21,4000.0,0.3998,0
31,12,CDI,PROPRIETAIRE,0,26100.0,2252.34,9000.0,0.2503,0
23,12,CDD,PROPRIETAIRE,0,15500.0,1337.59,4000.0,0.3344,1
60,20,INFORMEL,PROPRIETAIRE,0,119700.0,6331.22,42200.0,0.15,0
35,18,CDI,PROPRIETAIRE,0,35900.0,2098.65,4700.0,0.4465,0
40,22,FONCTIONNAIRE,PROPRIETAIRE,0,49500.0,2392.81,6800.0,0.3519,0
38,48,FONCTIONNAIRE,PROPRIETAIRE,1,50900.0,1207.09,4000.0,0.3018,0
50,48,FONCTIONNAIRE,LOGEMENT_DE_FONCTION,1,115100.0,2729.59,6100.0,0.4475,1
27,40,CDI,PROPRIETAIRE,1,111000.0,3093.95,6900.0,0.4484,1
39,21,FONCTIONNAIRE,PROPRIETAIRE,0,22000.0,1111.16,4400.0,0.2525,1
41,24,FONCTIONNAIRE,PROPRIETAIRE,0,116800.0,5203.0,14900.0,0.3492,0
27,6,CDI,PROPRIETAIRE,1,22600.0,3838.4,25600.0,0.1499,0
51,24,FONCTIONNAIRE,LOGEMENT_DE_FONCTION,0,53500.0,2383.22,6800.0,0.3505,0
32,24,FONCTIONNAIRE,LOCATAIRE,0,56600.0,2521.32,5600.0,0.45020000000000004,0
22,9,CDD,LOCATAIRE,0,42600.0,4862.45,19400.0,0.2506,0
51,18,FONCTIONNAIRE,LOGEMENT_DE_FONCTION,0,139000.0,8125.68,54200.0,0.1499,1
22,12,CDD,LOCATAIRE,1,23300.0,2010.71,8000.0,0.25129999999999997,0
54,24,FONCTIONNAIRE,PROPRIETAIRE,1,13300.0,592.47,4000.0,0.1481,0
35,9,CDD,PROPRIETAIRE,0,28700.0,3275.88,7300.0,0.44880000000000003,0
54,24,FONCTIONNAIRE,LOGEMENT_DE_FONCTION,1,29500.0,1314.11,4000.0,0.3285,0
48,18,FONCTIONNAIRE,LOCATAIRE,1,33200.0,1940.81,5500.0,0.3529,0
24,20,FONCTIONNAIRE,PROPRIETAIRE,1,79000.0,4178.5,27900.0,0.14980000000000002,0
35,12,FONCTIONNAIRE,PROPRIETAIRE,1,18100.0,1561.97,4000.0,0.39049999999999996,0
24,12,INFORMEL,LOCATAIRE,0,138200.0,11926.16,79500.0,0.15,0
24,36,CDI,PROPRIETAIRE,0,171500.0,5256.3,21000.0,0.2503,1
26,6,CDD,PROPRIETAIRE,0,10900.0,1851.26,5300.0,0.3493,0
65,12,FONCTIONNAIRE,PROPRIETAIRE,1,17200.0,1484.3,4000.0,0.3711,0
55,42,INFORMEL,LOGEMENT_DE_FONCTION,0,171700.0,4581.75,30500.0,0.1502,0
26,15,CDD,LOCATAIRE,0,32900.0,2289.58,9200.0,0.2489,1
26,8,CDD,PROPRIETAIRE,0,16800.0,2151.51,6100.0,0.3527,0
28,6,CDI,PROPRIETAIRE,0,9000.0,1528.57,4400.0,0.34740000000000004,0
24,36,CDI,PROPRIETAIRE,1,178100.0,5458.59,12100.0,0.4511,1
54,48,CDI,PROPRIETAIRE,0,56400.0,1337.52,4000.0,0.3344,1
46,48,CDI,LOGEMENT_DE_FONCTION,0,72700.0,1724.08,4000.0,0.431,1
54,36,CDI,LOCATAIRE,1,137500.0,4214.24,16900.0,0.2494,0
62,6,CDI,PROPRIETAIRE,0,24800.0,4212.05,28100.0,0.1499,0
24,6,CDI,LOCATAIRE,1,28700.0,4874.43,32500.0,0.15,0
43,36,INFORMEL,PROPRIETAIRE,0,293400.0,8992.42,36000.0,0.2498,0
26,18,CDI,PROPRIETAIRE,0,24900.0,1455.61,4000.0,0.3639,1
27,12,CDI,PROPRIETAIRE,0,20400.0,1760.45,5000.0,0.3521,0
24,12,CDI,PROPRIETAIRE,0,55800.0,4815.34,13800.0,0.3489,0
41,36,FONCTIONNAIRE,PROPRIETAIRE,0,50200.0,1538.58,6200.0,0.2482,1
47,8,FONCTIONNAIRE,PROPRIETAIRE,1,13500.0,1728.89,4000.0,0.4322,0
35,18,CDD,PROPRIETAIRE,1,69900.0,4086.22,11700.0,0.3492,0
30,21,FONCTIONNAIRE,PROPRIETAIRE,1,29600.0,1495.02,4000.0,0.3738,0
33,18,FONCTIONNAIRE,LOCATAIRE,1,73400.0,4290.82,28600.0,0.15,1
36,18,CDI,PROPRIETAIRE,0,77100.0,4507.12,18000.0,0.2504,1
47,36,FONCTIONNAIRE,LOGEMENT_DE_FONCTION,0,154200.0,4726.08,13500.0,0.35009999999999997,1
38,48,CDI,LOGEMENT_DE_FONCTION,1,123600.0,2931.17,6500.0,0.4509,0
44,24,CDI,PROPRIETAIRE,1,43900.0,1955.58,4300.0,0.4548,0
23,18,CDD,LOCATAIRE,0,22500.0,1315.31,4000.0,0.32880000000000004,1
29,45,FONCTIONNAIRE,LOCATAIRE,0,218600.0,5486.93,21900.0,0.2505,1
42,24,FONCTIONNAIRE,PROPRIETAIRE,0,94100.0,4191.8,16800.0,0.2495,0
25,15,CDD,PROPRIETAIRE,0,43000.0,2992.45,12000.0,0.2494,1
48,12,CDI,PROPRIETAIRE,0,20000.0,1725.93,4000.0,0.4315,1
21,12,CDI,PROPRIETAIRE,0,16400.0,1415.26,4000.0,0.3538,0
23,4,CDD,LOCATAIRE,0,11100.0,2812.68,18800.0,0.1496,0
63,24,FONCTIONNAIRE,PROPRIETAIRE,1,54700.0,2436.68,5400.0,0.4512,0
46,24,FONCTIONNAIRE,PROPRIETAIRE,1,48300.0,2151.58,4800.0,0.4482,0
29,36,CDI,PROPRIETAIRE,0,95800.0,2936.17,6500.0,0.4517,1
28,21,CDI,PROPRIETAIRE,1,55400.0,2798.11,8000.0,0.34979999999999994,0
23,18,CDD,PROPRIETAIRE,0,35900.0,2098.65,4700.0,0.4465,1
50,24,CDI,PROPRIETAIRE,0,28800.0,1282.93,4000.0,0.3207,0
47,18,FONCTIONNAIRE,PROPRIETAIRE,0,63300.0,3700.4,8200.0,0.45130000000000003,0
35,21,CDI,PROPRIETAIRE,0,73600.0,3717.35,14900.0,0.2495,0
68,18,CDI,LOCATAIRE,0,125100.0,7313.11,29300.0,0.24960000000000002,1
28,24,CDD,PROPRIETAIRE,0,23100.0,1029.02,4000.0,0.25730000000000003,0
59,9,CDI,PROPRIETAIRE,0,25200.0,2876.38,8200.0,0.3508,0
57,12,FONCTIONNAIRE,PROPRIETAIRE,0,13100.0,1130.48,4000.0,0.2826,1
33,20,CDI,LOCATAIRE,1,41300.0,2184.46,4900.0,0.4458,1
43,24,CDI,PROPRIETAIRE,1,74800.0,3332.06,9500.0,0.3507,0
35,15,CDI,LOGEMENT_DE_FONCTION,1,27200.0,1892.9,4200.0,0.4507,0
32,18,CDI,LOGEMENT_DE_FONCTION,0,26700.0,1560.83,4000.0,0.39020000000000005,1
45,36,FONCTIONNAIRE,PROPRIETAIRE,1,201200.0,6166.58,24700.0,0.24969999999999998,0
33,24,CDD,PROPRIETAIRE,0,27300.0,1216.11,4000.0,0.304,0
40,10,CDI,PROPRIETAIRE,0,16500.0,1699.55,4000.0,0.4249,0
28,15,CDI,LOGEMENT_DE_FONCTION,1,61800.0,4300.78,9600.0,0.44799999999999995,0
29,15,CDI,PROPRIETAIRE,0,73200.0,5094.13,14600.0,0.3489,1
26,9,CDI,LOCATAIRE,0,66200.0,7556.2,50400.0,0.1499,0
27,24,CDI,PROPRIETAIRE,1,107400.0,4784.27,10600.0,0.45130000000000003,0
28,18,CDI,PROPRIETAIRE,1,40100.0,2344.17,5200.0,0.4508,1
35,24,CDD,PROPRIETAIRE,0,45100.0,2009.04,4500.0,0.4465,1
32,27,CDD,PROPRIETAIRE,1,83700.0,3340.58,7400.0,0.4514,0
25,10,CDI,LOCATAIRE,0,40900.0,4212.84,16900.0,0.2493,1
20,15,CDI,LOCATAIRE,0,41100.0,2860.23,11400.0,0.2509,0
27,18,CDD,PROPRIETAIRE,0,44200.0,2583.85,5700.0,0.4533,0
42,12,FONCTIONNAIRE,PROPRIETAIRE,1,61600.0,5315.86,21300.0,0.24960000000000002,0
37,36,FONCTIONNAIRE,PROPRIETAIRE,0,137100.0,4201.98,12000.0,0.3502,0
24,12,FONCTIONNAIRE,LOCATAIRE,0,12100.0,1044.19,4000.0,0.261,0
40,36,CDI,PROPRIETAIRE,1,142000.0,4352.16,17400.0,0.2501,0
46,6,FONCTIONNAIRE,PROPRIETAIRE,1,24800.0,4212.05,28100.0,0.1499,0
26,24,CDI,PROPRIETAIRE,1,25600.0,1140.38,4000.0,0.2851,0
24,15,CDD,PROPRIETAIRE,0,16200.0,1127.39,4000.0,0.2818,0
29,12,CDI,PROPRIETAIRE,0,66400.0,5730.08,22900.0,0.2502,0
40,11,CDI,PROPRIETAIRE,1,24500.0,2300.31,5100.0,0.451,0
36,18,CDD,LOGEMENT_DE_FONCTION,0,35900.0,2098.65,6000.0,0.34979999999999994,0
28,36,FONCTIONNAIRE,PROPRIETAIRE,0,66500.0,2038.16,4500.0,0.45289999999999997,0
27,9,CDD,LOGEMENT_DE_FONCTION,0,26300.0,3001.94,8600.0,0.34909999999999997,1
36,30,CDI,PROPRIETAIRE,1,124700.0,4514.76,18100.0,0.2494,0
38,24,CDI,PROPRIETAIRE,0,144600.0,6441.39,18400.0,0.35009999999999997,0
48,24,CDI,LOGEMENT_DE_FONCTION,0,171600.0,7644.14,30600.0,0.2498,0
36,30,FONCTIONNAIRE,PROPRIETAIRE,1,40300.0,1459.06,4000.0,0.36479999999999996,0
65,18,INFORMEL,PROPRIETAIRE,1,20300.0,1186.7,4000.0,0.2967,0
43,24,CDI,PROPRIETAIRE,0,75100.0,3345.42,9600.0,0.34850000000000003,1
53,12,CDD,PROPRIETAIRE,0,14700.0,1268.56,4000.0,0.3171,1
34,24,CDI,PROPRIETAIRE,1,52300.0,2329.77,5200.0,0.44799999999999995,0
23,48,CDI,PROPRIETAIRE,0,289900.0,6874.96,27500.0,0.25,1
34,36,FONCTIONNAIRE,PROPRIETAIRE,1,122400.0,3751.44,8300.0,0.452,0
40,28,CDD,LOCATAIRE,0,144700.0,5583.61,16000.0,0.349,0
43,27,FONCTIONNAIRE,PROPRIETAIRE,1,45200.0,1804.0,4000.0,0.451,0
46,15,FONCTIONNAIRE,PROPRIETAIRE,1,33800.0,2352.21,5200.0,0.4523,0
38,12,CDI,PROPRIETAIRE,1,40200.0,3469.12,7700.0,0.45049999999999996,0
34,36,CDI,PROPRIETAIRE,1,107300.0,3288.64,9400.0,0.34990000000000004,0
29,18,CDI,PROPRIETAIRE,1,21600.0,1262.69,4000.0,0.3157,0
31,36,CDI,PROPRIETAIRE,1,165500.0,5072.41,14500.0,0.34979999999999994,0
28,21,CDD,LOCATAIRE,0,48200.0,2434.46,5400.0,0.4508,0
35,12,CDI,PROPRIETAIRE,1,29500.0,2545.74,7300.0,0.34869999999999995,0
33,15,CDI,LOCATAIRE,0,40400.0,2811.52,18700.0,0.1503,0
42,18,CDI,PROPRIETAIRE,0,76800.0,4489.58,18000.0,0.2494,1
43,16,FONCTIONNAIRE,LOCATAIRE,1,48600.0,3179.24,12700.0,0.2503,1
44,20,CDD,PROPRIETAIRE,1,64500.0,3411.56,13600.0,0.25079999999999997,0
42,36,FONCTIONNAIRE,LOGEMENT_DE_FONCTION,1,193800.0,5939.78,23800.0,0.24960000000000002,0
40,15,CDI,LOCATAIRE,0,25600.0,1781.55,4000.0,0.4454,0
36,24,FONCTIONNAIRE,PROPRIETAIRE,0,23600.0,1051.29,4000.0,0.26280000000000003,0
20,12,CDI,LOCATAIRE,0,20500.0,1769.08,7100.0,0.2492,0
24,21,CDI,PROPRIETAIRE,0,69600.0,3515.32,14100.0,0.2493,0
27,36,CDI,PROPRIETAIRE,0,68700.0,2105.59,8400.0,0.2507,0
46,15,CDD,PROPRIETAIRE,1,66500.0,4627.87,30900.0,0.14980000000000002,0
33,9,CDI,PROPRIETAIRE,0,59100.0,6745.79,45000.0,0.1499,0
34,36,CDI,PROPRIETAIRE,1,82400.0,2525.48,5600.0,0.451,0
25,24,CDD,PROPRIETAIRE,1,87600.0,3902.25,15600.0,0.2501,1
25,30,FONCTIONNAIRE,PROPRIETAIRE,0,55300.0,2002.14,8000.0,0.2503,0
28,11,FONCTIONNAIRE,PROPRIETAIRE,0,39600.0,3718.05,24800.0,0.1499,0
31,24,CDI,LOCATAIRE,0,58500.0,2605.96,5800.0,0.4493,1
32,48,CDI,PROPRIETAIRE,0,340800.0,8082.06,53900.0,0.1499,1
32,10,CDI,PROPRIETAIRE,0,52700.0,5428.27,36200.0,0.15,0
68,6,FONCTIONNAIRE,PROPRIETAIRE,0,275600.0,46808.07,312100.0,0.15,1
33,24,INFORMEL,PROPRIETAIRE,0,43600.0,1942.22,12900.0,0.1506,1
39,24,FONCTIONNAIRE,LOCATAIRE,0,61900.0,2757.41,6100.0,0.452,1
28,18,CDI,PROPRIETAIRE,1,33600.0,1964.19,4400.0,0.4464,0
37,48,CDI,PROPRIETAIRE,1,235900.0,5594.36,12400.0,0.4512,0
22,9,CDD,LOCATAIRE,0,25300.0,2887.79,8300.0,0.3479,1
30,12,CDI,LOCATAIRE,0,37000.0,3192.97,9100.0,0.35090000000000005,0
55,24,CDD,PROPRIETAIRE,0,127100.0,5661.83,22600.0,0.2505,1
46,12,CDD,PROPRIETAIRE,0,12900.0,1113.22,4000.0,0.2783,1
21,18,CDD,LOCATAIRE,1,19400.0,1134.09,4000.0,0.28350000000000003,0
39,48,CDI,LOGEMENT_DE_FONCTION,0,190500.0,4517.7,10000.0,0.4518,1
58,30,FONCTIONNAIRE,PROPRIETAIRE,0,34500.0,1249.07,4000.0,0.3123,0
43,12,CDI,PROPRIETAIRE,1,24900.0,2148.78,4800.0,0.44770000000000004,0
24,24,CDD,PROPRIETAIRE,0,32300.0,1438.84,4000.0,0.35969999999999996,0
22,9,CDD,PROPRIETAIRE,0,30900.0,3526.99,7800.0,0.4522,1
30,9,CDI,PROPRIETAIRE,1,22600.0,2579.61,7400.0,0.3486,0
42,12,FONCTIONNAIRE,PROPRIETAIRE,1,9700.0,837.08,4000.0,0.20929999999999999,0
23,12,CDI,PROPRIETAIRE,0,27700.0,2390.41,5300.0,0.451,0
30,30,CDD,PROPRIETAIRE,1,35500.0,1285.28,4000.0,0.32130000000000003,1
28,9,CDI,PROPRIETAIRE,0,13800.0,1575.16,4500.0,0.35,1
30,6,CDD,LOCATAIRE,0,38200.0,6487.91,14400.0,0.45049999999999996,0
42,60,CDI,LOGEMENT_DE_FONCTION,0,116300.0,2275.54,5100.0,0.4462,1
46,24,CDI,PROPRIETAIRE,1,126600.0,5639.56,22600.0,0.2495,0
45,12,CDD,PROPRIETAIRE,0,65200.0,5626.53,22500.0,0.2501,0
31,10,CDI,PROPRIETAIRE,0,28600.0,2945.89,8400.0,0.3507,0
31,24,CDI,PROPRIETAIRE,0,17200.0,766.2,4000.0,0.1916,0
42,4,CDI,PROPRIETAIRE,1,26900.0,6816.31,27300.0,0.24969999999999998,0
46,15,CDD,LOCATAIRE,0,34100.0,2373.09,5300.0,0.44780000000000003,0
30,48,CDD,PROPRIETAIRE,0,154600.0,3666.33,24400.0,0.1503,0
30,24,CDD,LOGEMENT_DE_FONCTION,0,62000.0,2761.87,6100.0,0.45280000000000004,1
38,12,INFORMEL,PROPRIETAIRE,0,52900.0,4565.08,10100.0,0.452,0
43,18,CDD,PROPRIETAIRE,0,28400.0,1660.21,4000.0,0.41509999999999997,1
31,24,FONCTIONNAIRE,PROPRIETAIRE,0,67000.0,2984.6,11900.0,0.25079999999999997,1
40,18,INFORMEL,PROPRIETAIRE,1,66400.0,3881.62,11100.0,0.3497,0
24,36,CDI,PROPRIETAIRE,1,39700.0,1216.77,4900.0,0.2483,1
28,24,CDD,LOCATAIRE,0,76100.0,3389.97,9700.0,0.34950000000000003,1
26,36,INFORMEL,PROPRIETAIRE,0,203000.0,6221.75,13800.0,0.4509,1
29,12,CDI,PROPRIETAIRE,0,35000.0,3020.37,6700.0,0.4508,0
57,24,FONCTIONNAIRE,LOCATAIRE,1,22800.0,1015.65,4000.0,0.2539,0
49,30,FONCTIONNAIRE,PROPRIETAIRE,1,67600.0,2447.46,5400.0,0.4532,0
37,9,FONCTIONNAIRE,PROPRIETAIRE,1,21300.0,2431.23,9700.0,0.2506,0
45,28,CDI,PROPRIETAIRE,0,74100.0,2859.33,8200.0,0.34869999999999995,1
30,24,FONCTIONNAIRE,LOGEMENT_DE_FONCTION,0,56800.0,2530.23,5600.0,0.4518,0
30,6,FONCTIONNAIRE,LOCATAIRE,1,32200.0,5468.87,21900.0,0.24969999999999998,0
47,21,CDI,PROPRIETAIRE,1,43500.0,2197.07,14600.0,0.1505,0
29,15,CDI,PROPRIETAIRE,0,65800.0,4579.15,13100.0,0.3496,0
35,24,FONCTIONNAIRE,PROPRIETAIRE,0,44300.0,1973.4,5600.0,0.35240000000000005,1
22,6,CDD,PROPRIETAIRE,0,8400.0,1426.66,4100.0,0.348,0
26,30,CDI,PROPRIETAIRE,0,31700.0,1147.7,4000.0,0.2869,0
23,27,CDI,PROPRIETAIRE,1,46600.0,1859.87,4100.0,0.4536,1
54,15,FONCTIONNAIRE,LOCATAIRE,0,66000.0,4593.07,10200.0,0.45030000000000003,0
29,42,CDI,LOCATAIRE,0,132600.0,3538.38,14200.0,0.2492,0
40,11,CDI,PROPRIETAIRE,1,72900.0,6844.6,45600.0,0.1501,0
22,15,CDI,PROPRIETAIRE,0,28000.0,1948.58,4300.0,0.4532,0
43,24,CDI,PROPRIETAIRE,0,136800.0,6093.93,40600.0,0.1501,0
29,24,INFORMEL,LOCATAIRE,0,22100.0,984.47,6600.0,0.1492,1
36,60,FONCTIONNAIRE,LOCATAIRE,0,135000.0,2641.43,5900.0,0.44770000000000004,1
33,30,CDI,PROPRIETAIRE,1,52400.0,1897.14,4200.0,0.4517,0
57,24,CDI,PROPRIETAIRE,0,23300.0,1037.93,4000.0,0.2595,0
64,6,CDI,PROPRIETAIRE,0,13900.0,2360.78,9400.0,0.2511,0
42,18,FONCTIONNAIRE,PROPRIETAIRE,1,44900.0,2624.77,5800.0,0.4525,0
47,24,FONCTIONNAIRE,PROPRIETAIRE,1,47000.0,2093.67,4700.0,0.44549999999999995,1
25,15,CDI,LOCATAIRE,0,23400.0,1628.45,6500.0,0.2505,1
49,30,CDI,PROPRIETAIRE,1,155100.0,5615.39,22500.0,0.24960000000000002,1
33,48,INFORMEL,LOCATAIRE,0,89600.0,2124.86,6100.0,0.3483,1
28,21,CDI,PROPRIETAIRE,0,54100.0,2732.45,18200.0,0.1501,0
26,36,CDI,PROPRIETAIRE,0,152200.0,4664.78,18700.0,0.2495,1
30,24,CDI,PROPRIETAIRE,1,37500.0,1670.48,6700.0,0.2493,0
25,15,CDI,LOCATAIRE,1,26500.0,1844.19,4100.0,0.4498,0
33,42,CDD,PROPRIETAIRE,0,116300.0,3103.42,12400.0,0.2503,0
64,13,INFORMEL,PROPRIETAIRE,0,26100.0,2084.64,8300.0,0.25120000000000003,0
29,24,INFORMEL,LOGEMENT_DE_FONCTION,0,121700.0,5421.28,12000.0,0.4518,0
48,24,FONCTIONNAIRE,PROPRIETAIRE,1,32200.0,1434.39,4000.0,0.3586,0
37,12,CDD,PROPRIETAIRE,1,66000.0,5695.56,22800.0,0.2498,0
34,15,FONCTIONNAIRE,PROPRIETAIRE,0,29000.0,2018.17,4500.0,0.4485,0
23,18,CDI,LOCATAIRE,0,35800.0,2092.8,8400.0,0.2491,0
30,36,INFORMEL,PROPRIETAIRE,0,73200.0,2243.51,5000.0,0.4487,0
50,12,FONCTIONNAIRE,PROPRIETAIRE,0,44200.0,3814.3,8500.0,0.4487,0
31,12,CDI,PROPRIETAIRE,0,32100.0,2770.11,7900.0,0.3506,0
40,30,CDI,PROPRIETAIRE,0,71400.0,2585.04,5700.0,0.4535,0
38,12,FONCTIONNAIRE,PROPRIETAIRE,0,14900.0,1285.82,4000.0,0.3215,0
23,45,CDI,LOGEMENT_DE_FONCTION,0,34100.0,855.92,4000.0,0.214,1
27,45,INFORMEL,PROPRIETAIRE,1,84700.0,2126.0,6100.0,0.34850000000000003,0
